date,season,home_team,away_team,home_goals,away_goals,result,ps_home_odds,ps_draw_odds,ps_away_odds,ps_close_home_odds,ps_close_draw_odds,ps_close_away_odds
2022-08-05,22-23,Crystal Palace,Arsenal,0,2,A,4.5,3.65,1.89,4.58,3.63,1.88
2022-08-06,22-23,Fulham,Liverpool,2,2,D,11.2,6.22,1.28,10.5,6.5,1.29
2022-08-06,22-23,Bournemouth,Aston Villa,2,0,H,3.93,3.58,2.04,4.09,3.59,2.0
2022-08-06,22-23,Leeds,Wolves,2,1,H,2.39,3.33,3.3,2.45,3.44,3.09
2022-08-06,22-23,Newcastle,Nott'm Forest,2,0,H,1.71,3.74,5.83,1.57,4.22,6.6
2022-08-06,22-23,Tottenham,Southampton,4,1,H,1.37,5.39,9.11,1.39,5.34,8.55
2022-08-06,22-23,Everton,Chelsea,0,1,A,6.04,4.06,1.63,6.89,4.16,1.56
2022-08-07,22-23,Leicester,Brentford,2,2,D,2.07,3.69,3.74,1.96,3.69,4.29
2022-08-07,22-23,Man United,Brighton,1,2,A,1.65,4.14,5.68,1.81,3.86,4.72
2022-08-07,22-23,West Ham,Man City,0,2,A,8.58,5.48,1.38,8.0,5.35,1.41
2022-08-13,22-23,Aston Villa,Everton,2,1,H,1.83,3.55,5.12,1.81,3.64,5.11
2022-08-13,22-23,Arsenal,Leicester,4,2,H,1.58,4.34,6.22,1.58,4.42,5.97
2022-08-13,22-23,Brighton,Newcastle,0,0,D,2.48,3.24,3.22,2.5,3.3,3.14
2022-08-13,22-23,Man City,Bournemouth,4,0,H,1.07,13.82,41.0,1.08,13.5,36.0
2022-08-13,22-23,Southampton,Leeds,2,2,D,2.34,3.55,3.18,2.44,3.64,2.96
2022-08-13,22-23,Wolves,Fulham,0,0,D,2.44,3.24,3.29,2.23,3.48,3.5
2022-08-13,22-23,Brentford,Man United,4,0,H,3.82,3.64,2.06,4.65,4.09,1.78
2022-08-14,22-23,Nott'm Forest,West Ham,1,0,H,4.28,3.72,1.92,4.03,3.68,1.99
2022-08-14,22-23,Chelsea,Tottenham,2,2,D,2.28,3.52,3.35,2.17,3.53,3.61
2022-08-15,22-23,Liverpool,Crystal Palace,1,1,D,1.2,7.09,18.57,1.29,6.25,12.0
2022-08-20,22-23,Tottenham,Wolves,1,0,H,1.43,4.94,7.95,1.48,4.88,6.99
2022-08-20,22-23,Crystal Palace,Aston Villa,3,1,H,2.58,3.19,3.12,2.56,3.26,3.08
2022-08-20,22-23,Everton,Nott'm Forest,1,1,D,2.0,3.45,4.27,1.89,3.58,4.62
2022-08-20,22-23,Fulham,Brentford,3,2,H,2.52,3.53,2.93,2.7,3.44,2.8
2022-08-20,22-23,Leicester,Southampton,1,2,A,1.86,4.09,4.12,1.78,4.18,4.51
2022-08-20,22-23,Bournemouth,Arsenal,0,3,A,7.55,4.8,1.46,7.26,4.82,1.47
2022-08-21,22-23,Leeds,Chelsea,3,0,H,6.23,4.6,1.54,6.14,4.63,1.55
2022-08-21,22-23,West Ham,Brighton,0,2,A,2.34,3.52,3.22,2.6,3.42,2.9
2022-08-21,22-23,Newcastle,Man City,3,3,D,9.43,5.22,1.37,7.0,5.0,1.47
2022-08-22,22-23,Man United,Liverpool,2,1,H,5.39,4.35,1.64,4.65,4.5,1.7
2022-08-27,22-23,Southampton,Man United,0,1,A,4.31,4.0,1.85,3.65,3.95,2.02
2022-08-27,22-23,Brentford,Everton,1,1,D,2.1,3.49,3.84,2.08,3.51,3.91
2022-08-27,22-23,Brighton,Leeds,1,0,H,1.93,3.72,4.24,1.74,3.98,5.09
2022-08-27,22-23,Chelsea,Leicester,2,1,H,1.45,4.86,7.66,1.41,5.2,7.99
2022-08-27,22-23,Liverpool,Bournemouth,9,0,H,1.13,10.48,23.11,1.15,9.25,19.5
2022-08-27,22-23,Man City,Crystal Palace,4,2,H,1.2,7.5,16.26,1.2,7.75,16.0
2022-08-27,22-23,Arsenal,Fulham,2,1,H,1.33,5.83,9.75,1.42,5.35,7.5
2022-08-28,22-23,Aston Villa,West Ham,0,1,A,2.41,3.41,3.18,2.12,3.53,3.74
2022-08-28,22-23,Wolves,Newcastle,1,1,D,2.76,3.32,2.79,2.59,3.3,3.0
2022-08-28,22-23,Nott'm Forest,Tottenham,0,2,A,7.15,4.63,1.49,7.1,5.05,1.45
2022-08-30,22-23,Crystal Palace,Brentford,1,1,D,2.11,3.47,3.83,2.12,3.49,3.78
2022-08-30,22-23,Fulham,Brighton,2,1,H,3.26,3.44,2.36,3.36,3.29,2.38
2022-08-30,22-23,Southampton,Chelsea,2,1,H,5.28,4.24,1.67,5.22,4.11,1.69
2022-08-30,22-23,Leeds,Everton,1,1,D,2.16,3.61,3.53,2.17,3.65,3.49
2022-08-31,22-23,Arsenal,Aston Villa,2,1,H,1.5,4.67,6.97,1.55,4.57,6.27
2022-08-31,22-23,Bournemouth,Wolves,0,0,D,3.52,3.43,2.24,3.4,3.32,2.34
2022-08-31,22-23,Man City,Nott'm Forest,6,0,H,1.08,13.43,31.06,1.1,12.5,26.0
2022-08-31,22-23,West Ham,Tottenham,1,1,D,3.67,3.84,2.04,3.29,3.51,2.3
2022-08-31,22-23,Liverpool,Newcastle,2,1,H,1.33,5.89,9.75,1.29,6.26,10.61
2022-09-01,22-23,Leicester,Man United,0,1,A,3.45,3.86,2.11,3.2,3.76,2.25
2022-09-03,22-23,Everton,Liverpool,0,0,D,8.08,5.21,1.41,7.8,5.4,1.4
2022-09-03,22-23,Brentford,Leeds,5,2,H,2.21,3.59,3.44,2.17,3.57,3.55
2022-09-03,22-23,Chelsea,West Ham,2,1,H,1.58,4.37,6.17,1.69,4.03,5.44
2022-09-03,22-23,Newcastle,Crystal Palace,0,0,D,2.1,3.44,3.89,2.12,3.47,3.82
2022-09-03,22-23,Nott'm Forest,Bournemouth,2,3,A,2.05,3.51,4.0,2.21,3.38,3.65
2022-09-03,22-23,Tottenham,Fulham,2,1,H,1.52,4.63,6.51,1.54,4.62,6.24
2022-09-03,22-23,Wolves,Southampton,1,0,H,2.3,3.41,3.41,2.14,3.53,3.68
2022-09-03,22-23,Aston Villa,Man City,1,1,D,9.25,5.98,1.33,9.35,5.85,1.33
2022-09-04,22-23,Brighton,Leicester,5,2,H,1.85,3.63,4.85,1.94,3.63,4.29
2022-09-04,22-23,Man United,Arsenal,3,1,H,2.7,3.58,2.68,2.71,3.56,2.69
2022-09-16,22-23,Aston Villa,Southampton,1,0,H,2.14,3.62,3.6,2.14,3.58,3.64
2022-09-16,22-23,Nott'm Forest,Fulham,2,3,A,2.82,3.43,2.67,2.8,3.49,2.64
2022-09-17,22-23,Wolves,Man City,0,3,A,9.3,5.52,1.36,9.25,5.65,1.35
2022-09-17,22-23,Newcastle,Bournemouth,1,1,D,1.49,4.56,7.5,1.43,5.01,7.85
2022-09-17,22-23,Tottenham,Leicester,6,2,H,1.52,4.46,7.04,1.56,4.45,6.38
2022-09-18,22-23,Brentford,Arsenal,0,3,A,4.46,3.98,1.83,4.5,3.85,1.85
2022-09-18,22-23,Everton,West Ham,1,0,H,2.96,3.39,2.57,2.95,3.35,2.6
2022-10-01,22-23,Arsenal,Tottenham,3,1,H,2.13,3.65,3.57,1.99,3.75,3.84
2022-10-01,22-23,Bournemouth,Brentford,0,0,D,3.45,3.49,2.25,3.3,3.53,2.27
2022-10-01,22-23,Crystal Palace,Chelsea,1,2,A,4.42,3.56,1.93,4.83,3.78,1.79
2022-10-01,22-23,Fulham,Newcastle,1,4,A,3.11,3.57,2.38,2.95,3.42,2.51
2022-10-01,22-23,Liverpool,Brighton,3,3,D,1.38,5.49,8.42,1.49,4.76,6.85
2022-10-01,22-23,Southampton,Everton,1,2,A,2.23,3.48,3.49,2.38,3.32,3.23
2022-10-01,22-23,West Ham,Wolves,2,0,H,2.01,3.42,4.31,2.07,3.36,4.01
2022-10-02,22-23,Man City,Man United,6,3,H,1.37,5.91,7.74,1.43,5.6,6.7
2022-10-02,22-23,Leeds,Aston Villa,0,0,D,2.43,3.44,3.12,2.45,3.49,3.06
2022-10-03,22-23,Leicester,Nott'm Forest,4,0,H,1.78,4.2,4.48,1.74,4.15,4.75
2022-10-08,22-23,Bournemouth,Leicester,2,1,H,3.64,3.7,2.09,3.45,3.54,2.22
2022-10-08,22-23,Chelsea,Wolves,3,0,H,1.41,4.92,8.68,1.53,4.36,7.03
2022-10-08,22-23,Man City,Southampton,4,0,H,1.13,10.77,20.4,1.13,11.0,21.0
2022-10-08,22-23,Newcastle,Brentford,5,1,H,1.81,3.99,4.55,1.69,4.05,5.35
2022-10-08,22-23,Brighton,Tottenham,0,1,A,2.82,3.45,2.65,2.58,3.4,2.94
2022-10-09,22-23,Crystal Palace,Leeds,2,1,H,2.06,3.68,3.76,2.09,3.62,3.73
2022-10-09,22-23,West Ham,Fulham,3,1,H,1.79,3.9,4.82,1.63,4.11,5.89
2022-10-09,22-23,Arsenal,Liverpool,3,2,H,2.67,3.69,2.66,2.58,3.84,2.67
2022-10-09,22-23,Everton,Man United,1,2,A,3.62,3.67,2.11,3.65,3.68,2.09
2022-10-10,22-23,Nott'm Forest,Aston Villa,1,1,D,3.4,3.6,2.22,3.79,3.64,2.03
2022-10-14,22-23,Brentford,Brighton,2,0,H,3.32,3.52,2.29,3.35,3.53,2.27
2022-10-15,22-23,Leicester,Crystal Palace,0,0,D,2.38,3.55,3.12,2.49,3.54,2.96
2022-10-15,22-23,Fulham,Bournemouth,2,2,D,1.92,3.77,4.23,1.98,3.69,4.03
2022-10-15,22-23,Wolves,Nott'm Forest,1,0,H,1.74,3.78,5.41,1.76,3.91,5.02
2022-10-15,22-23,Tottenham,Everton,2,0,H,1.48,4.67,7.26,1.5,4.7,6.9
2022-10-16,22-23,Aston Villa,Chelsea,0,2,A,4.78,3.65,1.85,3.97,3.49,2.07
2022-10-16,22-23,Leeds,Arsenal,0,1,A,6.23,4.49,1.56,4.97,4.22,1.7
2022-10-16,22-23,Man United,Newcastle,0,0,D,2.04,3.71,3.8,2.08,3.68,3.71
2022-10-16,22-23,Southampton,West Ham,1,1,D,3.08,3.42,2.47,3.01,3.37,2.54
2022-10-16,22-23,Liverpool,Man City,1,0,H,4.0,4.11,1.88,3.81,4.25,1.9
2022-10-18,22-23,Brighton,Nott'm Forest,0,0,D,1.39,5.17,8.97,1.41,5.08,8.53
2022-10-18,22-23,Crystal Palace,Wolves,2,1,H,2.32,3.21,3.58,2.13,3.39,3.89
2022-10-19,22-23,Bournemouth,Southampton,0,1,A,2.76,3.4,2.74,2.71,3.3,2.86
2022-10-19,22-23,Brentford,Chelsea,0,0,D,4.85,3.93,1.78,4.49,3.72,1.88
2022-10-19,22-23,Liverpool,West Ham,1,0,H,1.45,5.1,7.08,1.44,5.05,7.4
2022-10-19,22-23,Newcastle,Everton,1,0,H,1.65,4.06,5.81,1.66,4.06,5.74
2022-10-19,22-23,Man United,Tottenham,2,0,H,2.49,3.59,2.93,2.43,3.55,3.05
2022-10-20,22-23,Fulham,Aston Villa,3,0,H,2.94,3.47,2.54,3.03,3.47,2.47
2022-10-20,22-23,Leicester,Leeds,2,0,H,2.36,3.65,3.08,2.37,3.64,3.05
2022-10-22,22-23,Nott'm Forest,Liverpool,1,0,H,11.14,5.8,1.3,9.5,5.5,1.36
2022-10-22,22-23,Everton,Crystal Palace,3,0,H,2.69,3.19,2.97,2.54,3.18,3.18
2022-10-22,22-23,Man City,Brighton,3,1,H,1.21,7.21,15.39,1.23,7.25,14.0
2022-10-22,22-23,Chelsea,Man United,1,1,D,2.15,3.54,3.64,2.17,3.65,3.62
2022-10-23,22-23,Aston Villa,Brentford,4,0,H,2.23,3.46,3.51,2.08,3.57,3.81
2022-10-23,22-23,Leeds,Fulham,2,3,A,2.06,3.69,3.75,2.1,3.81,3.51
2022-10-23,22-23,Southampton,Arsenal,1,1,D,6.2,4.31,1.58,7.07,4.79,1.48
2022-10-23,22-23,Wolves,Leicester,0,4,A,2.3,3.35,3.46,2.41,3.43,3.18
2022-10-23,22-23,Tottenham,Newcastle,1,2,A,2.12,3.62,3.63,2.25,3.52,3.41
2022-10-24,22-23,West Ham,Bournemouth,2,0,H,1.59,4.12,6.53,1.62,4.08,6.12
2022-10-29,22-23,Leicester,Man City,0,1,A,9.62,5.93,1.32,7.75,5.2,1.42
2022-10-29,22-23,Bournemouth,Tottenham,2,3,A,5.41,3.85,1.72,5.18,3.79,1.75
2022-10-29,22-23,Brentford,Wolves,1,1,D,2.24,3.5,3.44,2.2,3.55,3.49
2022-10-29,22-23,Brighton,Chelsea,4,1,H,3.17,3.43,2.41,3.17,3.37,2.44
2022-10-29,22-23,Crystal Palace,Southampton,1,0,H,1.96,3.62,4.22,2.08,3.47,3.94
2022-10-29,22-23,Newcastle,Aston Villa,4,0,H,1.83,3.82,4.6,1.78,3.89,4.92
2022-10-29,22-23,Fulham,Everton,0,0,D,2.39,3.46,3.18,2.33,3.49,3.27
2022-10-29,22-23,Liverpool,Leeds,1,2,A,1.32,5.98,9.43,1.23,7.5,12.0
2022-10-30,22-23,Arsenal,Nott'm Forest,5,0,H,1.2,7.4,16.85,1.22,7.25,13.5
2022-10-30,22-23,Man United,West Ham,1,0,H,1.71,4.05,5.14,1.73,3.97,5.12
2022-11-05,22-23,Leeds,Bournemouth,4,3,H,1.74,3.99,5.08,1.65,4.22,5.52
2022-11-05,22-23,Man City,Fulham,2,1,H,1.13,10.33,22.62,1.18,8.5,16.0
2022-11-05,22-23,Nott'm Forest,Brentford,2,2,D,2.83,3.43,2.66,2.7,3.24,2.92
2022-11-05,22-23,Wolves,Brighton,2,3,A,3.49,3.33,2.3,3.64,3.33,2.24
2022-11-05,22-23,Everton,Leicester,0,2,A,2.48,3.36,3.12,2.56,3.4,2.96
2022-11-06,22-23,Chelsea,Arsenal,0,1,A,2.72,3.5,2.71,2.71,3.48,2.69
2022-11-06,22-23,Aston Villa,Man United,3,1,H,3.38,3.63,2.22,3.18,3.57,2.34
2022-11-06,22-23,Southampton,Newcastle,1,4,A,4.22,3.71,1.93,4.49,3.8,1.85
2022-11-06,22-23,West Ham,Crystal Palace,1,2,A,1.95,3.56,4.34,1.89,3.59,4.6
2022-11-06,22-23,Tottenham,Liverpool,1,2,A,3.33,3.76,2.19,3.59,3.89,2.05
2022-11-12,22-23,Man City,Brentford,1,2,A,1.15,9.28,20.24,1.15,9.0,19.5
2022-11-12,22-23,Bournemouth,Everton,3,0,H,2.94,3.32,2.63,2.88,3.26,2.73
2022-11-12,22-23,Liverpool,Southampton,3,1,H,1.26,6.49,11.55,1.28,6.66,9.77
2022-11-12,22-23,Nott'm Forest,Crystal Palace,1,0,H,3.25,3.31,2.43,3.34,3.2,2.44
2022-11-12,22-23,Tottenham,Leeds,4,3,H,1.67,4.35,5.15,1.65,4.42,5.24
2022-11-12,22-23,West Ham,Leicester,0,2,A,2.14,3.56,3.64,1.99,3.68,4.03
2022-11-12,22-23,Newcastle,Chelsea,1,0,H,2.36,3.53,3.18,2.17,3.46,3.67
2022-11-12,22-23,Wolves,Arsenal,0,2,A,6.5,4.3,1.56,6.54,4.22,1.57
2022-11-13,22-23,Brighton,Aston Villa,1,2,A,1.88,3.84,4.33,1.76,3.85,5.05
2022-11-13,22-23,Fulham,Man United,1,2,A,4.0,4.02,1.91,4.29,3.9,1.87
2022-12-26,22-23,Brentford,Tottenham,2,2,D,4.0,3.89,1.93,3.36,3.68,2.2
2022-12-26,22-23,Crystal Palace,Fulham,0,3,A,2.09,3.66,3.68,2.29,3.55,3.3
2022-12-26,22-23,Everton,Wolves,1,2,A,2.41,3.26,3.34,2.57,3.25,3.07
2022-12-26,22-23,Leicester,Newcastle,0,3,A,3.36,3.64,2.22,3.47,3.51,2.23
2022-12-26,22-23,Southampton,Brighton,1,3,A,3.5,3.6,2.18,3.83,3.52,2.08
2022-12-26,22-23,Aston Villa,Liverpool,1,3,A,4.51,4.09,1.79,4.89,4.13,1.73
2022-12-26,22-23,Arsenal,West Ham,3,1,H,1.52,4.48,6.85,1.57,4.3,6.43
2022-12-27,22-23,Chelsea,Bournemouth,2,0,H,1.32,5.72,10.69,1.37,5.35,9.25
2022-12-27,22-23,Man United,Nott'm Forest,3,0,H,1.31,5.7,11.66,1.36,5.5,9.2
2022-12-28,22-23,Leeds,Man City,1,3,A,9.78,6.09,1.31,10.34,6.03,1.3
2022-12-30,22-23,West Ham,Brentford,0,2,A,2.08,3.66,3.73,2.15,3.65,3.53
2022-12-30,22-23,Liverpool,Leicester,2,1,H,1.31,6.08,9.55,1.26,6.43,12.34
2022-12-31,22-23,Wolves,Man United,0,1,A,4.16,3.71,1.94,4.12,3.69,1.96
2022-12-31,22-23,Bournemouth,Crystal Palace,0,2,A,2.97,3.32,2.6,3.01,3.22,2.65
2022-12-31,22-23,Fulham,Southampton,2,1,H,2.04,3.59,3.95,1.84,3.9,4.47
2022-12-31,22-23,Man City,Everton,1,1,D,1.16,7.97,23.85,1.15,9.75,20.0
2022-12-31,22-23,Newcastle,Leeds,0,0,D,1.49,4.8,6.8,1.46,4.87,6.94
2022-12-31,22-23,Brighton,Arsenal,2,4,A,3.6,3.62,2.13,4.47,3.77,1.87
2023-01-01,22-23,Tottenham,Aston Villa,0,2,A,1.7,4.21,5.01,1.68,4.26,5.1
2023-01-01,22-23,Nott'm Forest,Chelsea,1,1,D,5.43,3.98,1.7,5.8,4.2,1.63
2023-01-02,22-23,Brentford,Liverpool,3,1,H,5.76,4.56,1.58,6.24,4.65,1.54
2023-01-03,22-23,Arsenal,Newcastle,0,0,D,1.83,3.95,4.45,1.78,3.91,4.88
2023-01-03,22-23,Everton,Brighton,1,4,A,3.67,3.51,2.15,3.23,3.39,2.43
2023-01-03,22-23,Leicester,Fulham,0,1,A,2.26,3.73,3.2,2.36,3.67,3.06
2023-01-03,22-23,Man United,Bournemouth,3,0,H,1.29,6.02,10.83,1.29,6.05,11.5
2023-01-04,22-23,Southampton,Nott'm Forest,0,1,A,2.1,3.52,3.82,2.43,3.37,3.19
2023-01-04,22-23,Leeds,West Ham,2,2,D,2.65,3.59,2.73,2.93,3.45,2.56
2023-01-04,22-23,Aston Villa,Wolves,1,1,D,1.99,3.76,3.93,1.95,3.58,4.32
2023-01-04,22-23,Crystal Palace,Tottenham,0,4,A,3.39,3.58,2.23,3.32,3.47,2.31
2023-01-05,22-23,Chelsea,Man City,0,1,A,5.6,4.19,1.65,5.44,4.19,1.67
2023-01-12,22-23,Fulham,Chelsea,2,1,H,3.43,3.6,2.21,4.07,3.48,2.04
2023-01-13,22-23,Aston Villa,Leeds,2,1,H,1.96,3.7,4.11,2.05,3.66,3.89
2023-01-14,22-23,Man United,Man City,2,1,H,4.26,3.98,1.86,4.18,4.02,1.91
2023-01-14,22-23,Brighton,Liverpool,3,0,H,3.39,3.74,2.17,2.9,3.81,2.41
2023-01-14,22-23,Everton,Southampton,1,2,A,2.28,3.48,3.36,2.42,3.26,3.31
2023-01-14,22-23,Nott'm Forest,Leicester,2,0,H,2.74,3.46,2.72,2.8,3.2,2.84
2023-01-14,22-23,Wolves,West Ham,1,0,H,2.75,3.29,2.82,2.54,3.17,3.19
2023-01-14,22-23,Brentford,Bournemouth,2,0,H,1.69,4.14,5.23,1.61,4.15,6.25
2023-01-15,22-23,Chelsea,Crystal Palace,1,0,H,1.68,3.96,5.64,1.88,3.5,4.8
2023-01-15,22-23,Newcastle,Fulham,1,0,H,1.53,4.55,6.52,1.47,4.74,7.33
2023-01-15,22-23,Tottenham,Arsenal,0,2,A,3.34,3.71,2.21,3.4,3.59,2.22
2023-01-18,22-23,Crystal Palace,Man United,1,1,D,4.62,3.87,1.82,5.4,3.98,1.7
2023-01-19,22-23,Man City,Tottenham,4,2,H,1.39,5.58,7.8,1.51,4.75,6.55
2023-01-21,22-23,Liverpool,Chelsea,0,0,D,1.89,3.88,4.2,2.07,3.57,3.84
2023-01-21,22-23,Bournemouth,Nott'm Forest,1,1,D,2.86,3.15,2.82,2.93,3.22,2.71
2023-01-21,22-23,Leicester,Brighton,2,2,D,3.61,3.71,2.1,4.35,4.06,1.83
2023-01-21,22-23,Southampton,Aston Villa,0,1,A,2.96,3.4,2.57,2.66,3.26,2.95
2023-01-21,22-23,West Ham,Everton,2,0,H,1.82,3.65,5.0,1.88,3.55,4.75
2023-01-21,22-23,Crystal Palace,Newcastle,0,0,D,4.52,3.57,1.92,4.66,3.64,1.87
2023-01-22,22-23,Leeds,Brentford,0,0,D,2.39,3.72,2.99,2.37,3.61,3.09
2023-01-22,22-23,Man City,Wolves,3,0,H,1.2,7.65,14.95,1.27,6.25,12.25
2023-01-22,22-23,Arsenal,Man United,3,2,H,1.88,3.92,4.19,1.86,3.9,4.34
2023-01-23,22-23,Fulham,Tottenham,0,1,A,3.33,3.88,2.15,3.33,3.86,2.16
2023-02-03,22-23,Chelsea,Fulham,0,0,D,1.65,4.11,5.79,1.61,4.18,6.09
2023-02-04,22-23,Everton,Arsenal,1,0,H,8.93,4.84,1.41,8.0,4.28,1.5
2023-02-04,22-23,Aston Villa,Leicester,2,4,A,2.02,3.63,3.95,2.13,3.5,3.73
2023-02-04,22-23,Brentford,Southampton,3,0,H,1.92,3.68,4.36,1.82,3.7,4.89
2023-02-04,22-23,Brighton,Bournemouth,1,0,H,1.35,5.42,9.88,1.39,5.25,8.25
2023-02-04,22-23,Man United,Crystal Palace,2,1,H,1.41,4.91,8.97,1.39,5.11,9.13
2023-02-04,22-23,Wolves,Liverpool,3,0,H,4.14,3.93,1.89,3.98,3.79,1.97
2023-02-04,22-23,Newcastle,West Ham,1,1,D,1.63,3.97,6.3,1.67,3.93,5.81
2023-02-05,22-23,Nott'm Forest,Leeds,1,0,H,2.69,3.46,2.76,2.85,3.46,2.62
2023-02-05,22-23,Tottenham,Man City,1,0,H,4.44,4.23,1.78,4.03,3.91,1.93
2023-02-08,22-23,Man United,Leeds,2,2,D,1.48,4.98,6.69,1.56,4.49,6.11
2023-02-11,22-23,West Ham,Chelsea,1,1,D,3.43,3.37,2.3,3.51,3.38,2.27
2023-02-11,22-23,Arsenal,Brentford,1,1,D,1.47,4.77,7.32,1.58,4.25,6.35
2023-02-11,22-23,Crystal Palace,Brighton,1,1,D,3.9,3.56,2.06,5.15,3.79,1.76
2023-02-11,22-23,Fulham,Nott'm Forest,2,0,H,1.94,3.57,4.37,1.97,3.52,4.33
2023-02-11,22-23,Leicester,Tottenham,4,1,H,3.46,3.7,2.16,3.57,3.76,2.1
2023-02-11,22-23,Southampton,Wolves,1,2,A,3.16,3.18,2.55,3.26,3.18,2.5
2023-02-11,22-23,Bournemouth,Newcastle,1,1,D,6.53,4.08,1.6,6.1,4.05,1.63
2023-02-12,22-23,Leeds,Man United,0,2,A,3.98,3.87,1.94,3.81,3.9,1.98
2023-02-12,22-23,Man City,Aston Villa,3,1,H,1.26,6.66,11.78,1.37,5.25,9.0
2023-02-13,22-23,Liverpool,Everton,2,0,H,1.55,4.48,6.39,1.62,4.3,5.75
2023-02-15,22-23,Arsenal,Man City,1,3,A,2.95,3.6,2.46,3.36,3.52,2.27
2023-02-18,22-23,Aston Villa,Arsenal,2,4,A,4.54,3.8,1.85,4.24,3.63,1.95
2023-02-18,22-23,Brentford,Crystal Palace,1,1,D,1.85,3.62,4.84,1.83,3.62,4.96
2023-02-18,22-23,Brighton,Fulham,0,1,A,1.66,4.16,5.46,1.56,4.42,6.39
2023-02-18,22-23,Chelsea,Southampton,0,1,A,1.4,4.78,9.69,1.43,4.68,8.24
2023-02-18,22-23,Everton,Leeds,1,0,H,2.53,3.36,3.03,2.82,3.28,2.78
2023-02-18,22-23,Nott'm Forest,Man City,1,1,D,10.3,5.67,1.33,10.5,5.4,1.33
2023-02-18,22-23,Wolves,Bournemouth,0,1,A,1.69,3.86,5.78,1.83,3.62,4.98
2023-02-18,22-23,Newcastle,Liverpool,0,2,A,2.57,3.58,2.82,2.56,3.52,2.88
2023-02-19,22-23,Man United,Leicester,3,0,H,1.65,4.34,5.37,1.58,4.53,5.87
2023-02-19,22-23,Tottenham,West Ham,2,0,H,1.87,3.76,4.47,1.88,3.53,4.72
2023-02-24,22-23,Fulham,Wolves,1,1,D,2.59,3.26,3.04,2.68,3.15,3.02
2023-02-25,22-23,Everton,Aston Villa,0,2,A,2.59,3.25,3.05,2.61,3.15,3.12
2023-02-25,22-23,Leeds,Southampton,1,0,H,2.02,3.62,3.97,1.96,3.78,4.03
2023-02-25,22-23,Leicester,Arsenal,0,1,A,4.93,4.15,1.72,6.02,4.31,1.6
2023-02-25,22-23,West Ham,Nott'm Forest,4,0,H,1.81,3.63,5.16,1.71,3.84,5.6
2023-02-25,22-23,Bournemouth,Man City,1,4,A,9.67,5.74,1.3,10.1,5.11,1.36
2023-02-25,22-23,Crystal Palace,Liverpool,0,0,D,4.86,3.99,1.76,5.08,4.12,1.71
2023-02-26,22-23,Tottenham,Chelsea,2,0,H,2.59,3.36,2.96,3.04,3.33,2.54
2023-03-01,22-23,Arsenal,Everton,4,0,H,1.38,5.01,9.1,1.34,5.21,10.65
2023-03-01,22-23,Liverpool,Wolves,2,0,H,1.5,4.63,6.68,1.53,4.44,6.43
2023-03-04,22-23,Man City,Newcastle,2,0,H,1.52,4.6,6.5,1.51,4.55,6.65
2023-03-04,22-23,Arsenal,Bournemouth,3,2,H,1.22,6.83,13.69,1.23,6.75,14.0
2023-03-04,22-23,Aston Villa,Crystal Palace,1,0,H,2.08,3.37,3.99,2.15,3.38,3.82
2023-03-04,22-23,Brighton,West Ham,4,0,H,1.78,3.88,4.75,1.68,4.0,5.54
2023-03-04,22-23,Chelsea,Leeds,1,0,H,1.65,4.05,5.62,1.6,4.2,6.11
2023-03-04,22-23,Wolves,Tottenham,1,0,H,3.32,3.41,2.31,3.35,3.34,2.37
2023-03-04,22-23,Southampton,Leicester,1,0,H,2.85,3.3,2.67,2.98,3.36,2.57
2023-03-05,22-23,Nott'm Forest,Everton,2,2,D,2.7,3.11,2.98,3.1,3.1,2.66
2023-03-05,22-23,Liverpool,Man United,7,0,H,2.39,3.76,2.91,2.43,3.66,2.97
2023-03-06,22-23,Brentford,Fulham,3,2,H,2.0,3.76,3.82,2.08,3.6,3.8
2023-03-11,22-23,Bournemouth,Liverpool,1,0,H,7.07,5.07,1.44,6.98,5.15,1.45
2023-03-11,22-23,Everton,Brentford,1,0,H,2.75,3.23,2.82,2.7,3.15,2.99
2023-03-11,22-23,Leeds,Brighton,2,2,D,3.94,3.76,1.96,4.47,3.8,1.85
2023-03-11,22-23,Leicester,Chelsea,1,3,A,3.9,3.61,2.02,4.1,3.75,1.95
2023-03-11,22-23,Tottenham,Nott'm Forest,3,1,H,1.45,4.69,7.8,1.47,4.63,7.65
2023-03-11,22-23,Crystal Palace,Man City,0,1,A,9.18,5.2,1.37,10.05,5.17,1.35
2023-03-12,22-23,Fulham,Arsenal,0,3,A,6.02,4.23,1.59,7.83,4.9,1.43
2023-03-12,22-23,Man United,Southampton,0,0,D,1.34,5.33,10.01,1.28,6.28,10.69
2023-03-12,22-23,West Ham,Aston Villa,1,1,D,2.25,3.4,3.45,2.42,3.28,3.29
2023-03-12,22-23,Newcastle,Wolves,2,1,H,1.68,3.88,5.55,1.66,3.96,5.91
2023-03-15,22-23,Brighton,Crystal Palace,1,0,H,1.47,4.51,7.72,1.39,5.23,9.54
2023-03-15,22-23,Southampton,Brentford,0,2,A,3.05,3.36,2.49,3.31,3.27,2.42
2023-03-17,22-23,Nott'm Forest,Newcastle,1,2,A,5.81,3.87,1.68,5.48,3.7,1.75
2023-03-18,22-23,Aston Villa,Bournemouth,3,0,H,1.74,3.88,5.11,1.74,3.95,5.13
2023-03-18,22-23,Brentford,Leicester,1,1,D,1.95,3.79,3.94,1.9,3.84,4.21
2023-03-18,22-23,Southampton,Tottenham,3,3,D,4.62,3.78,1.82,4.62,3.73,1.85
2023-03-18,22-23,Wolves,Leeds,2,4,A,2.3,3.25,3.5,2.32,3.34,3.43
2023-03-18,22-23,Chelsea,Everton,2,2,D,1.5,4.19,7.95,1.52,4.14,7.71
2023-03-19,22-23,Arsenal,Crystal Palace,4,1,H,1.26,6.02,12.73,1.27,6.12,12.21
2023-04-01,22-23,Man City,Liverpool,4,1,H,1.66,4.22,5.26,1.67,4.25,5.3
2023-04-01,22-23,Arsenal,Leeds,4,1,H,1.29,5.97,10.92,1.27,6.75,10.5
2023-04-01,22-23,Bournemouth,Fulham,2,1,H,2.56,3.44,2.89,2.61,3.32,2.97
2023-04-01,22-23,Brighton,Brentford,3,3,D,1.67,4.18,5.16,1.64,4.34,5.57
2023-04-01,22-23,Crystal Palace,Leicester,2,1,H,2.56,3.28,3.02,2.37,3.39,3.27
2023-04-01,22-23,Nott'm Forest,Wolves,1,1,D,3.01,3.16,2.64,3.44,3.16,2.41
2023-04-01,22-23,Chelsea,Aston Villa,0,2,A,1.69,3.83,5.57,1.63,4.09,6.06
2023-04-02,22-23,West Ham,Southampton,1,0,H,1.77,3.89,4.82,1.77,3.8,4.94
2023-04-02,22-23,Newcastle,Man United,2,0,H,2.4,3.55,3.03,2.32,3.63,3.17
2023-04-03,22-23,Everton,Tottenham,1,1,D,3.44,3.45,2.24,3.97,3.51,2.06
2023-04-04,22-23,Bournemouth,Brighton,0,2,A,6.16,4.37,1.58,5.99,4.37,1.59
2023-04-04,22-23,Leeds,Nott'm Forest,2,1,H,1.72,3.97,5.23,1.72,3.94,5.22
2023-04-04,22-23,Leicester,Aston Villa,1,2,A,2.68,3.4,2.82,2.74,3.5,2.7
2023-04-04,22-23,Chelsea,Liverpool,0,0,D,2.26,3.51,3.4,2.23,3.47,3.5
2023-04-05,22-23,Man United,Brentford,1,0,H,1.67,4.23,5.09,1.65,4.31,5.48
2023-04-05,22-23,West Ham,Newcastle,1,5,A,3.63,3.46,2.15,3.49,3.33,2.3
2023-04-08,22-23,Man United,Everton,2,0,H,1.52,4.42,6.88,1.61,4.2,6.0
2023-04-08,22-23,Aston Villa,Nott'm Forest,2,0,H,1.64,4.16,5.5,1.6,4.25,6.12
2023-04-08,22-23,Brentford,Newcastle,1,2,A,3.58,3.58,2.13,4.28,3.58,1.96
2023-04-08,22-23,Fulham,West Ham,0,1,A,2.81,3.33,2.69,2.89,3.29,2.69
2023-04-08,22-23,Leicester,Bournemouth,0,1,A,1.91,3.76,4.18,2.12,3.51,3.75
2023-04-08,22-23,Tottenham,Brighton,2,1,H,2.58,3.68,2.72,2.83,3.51,2.61
2023-04-08,22-23,Wolves,Chelsea,1,0,H,4.28,3.58,1.93,5.08,3.7,1.79
2023-04-08,22-23,Southampton,Man City,1,4,A,12.65,6.46,1.24,12.0,6.4,1.26
2023-04-09,22-23,Leeds,Crystal Palace,1,5,A,2.14,3.48,3.67,2.09,3.53,3.82
2023-04-09,22-23,Liverpool,Arsenal,2,2,D,2.82,3.81,2.44,2.8,3.71,2.51
2023-04-15,22-23,Aston Villa,Newcastle,3,0,H,3.71,3.47,2.13,3.71,3.48,2.15
2023-04-15,22-23,Chelsea,Brighton,1,2,A,2.67,3.52,2.72,3.12,3.42,2.45
2023-04-15,22-23,Everton,Fulham,1,3,A,2.08,3.48,3.85,2.26,3.36,3.55
2023-04-15,22-23,Southampton,Crystal Palace,0,2,A,2.88,3.19,2.73,2.93,3.17,2.75
2023-04-15,22-23,Tottenham,Bournemouth,2,3,A,1.49,4.68,6.8,1.52,4.52,6.6
2023-04-15,22-23,Wolves,Brentford,2,0,H,2.57,3.26,3.01,2.9,3.19,2.75
2023-04-15,22-23,Man City,Leicester,3,1,H,1.16,8.82,16.85,1.13,10.25,19.5
2023-04-16,22-23,West Ham,Arsenal,2,2,D,6.14,4.29,1.57,5.72,4.3,1.61
2023-04-16,22-23,Nott'm Forest,Man United,0,2,A,5.07,4.01,1.71,5.14,4.06,1.7
2023-04-17,22-23,Leeds,Liverpool,1,6,A,4.39,4.42,1.74,4.48,4.44,1.73
2023-04-21,22-23,Arsenal,Southampton,3,3,D,1.21,7.62,14.32,1.22,7.26,14.16
2023-04-22,22-23,Fulham,Leeds,2,1,H,2.44,3.47,3.03,2.39,3.48,3.11
2023-04-22,22-23,Brentford,Aston Villa,1,1,D,2.55,3.51,2.85,2.72,3.33,2.83
2023-04-22,22-23,Crystal Palace,Everton,0,0,D,2.15,3.28,3.87,1.98,3.4,4.48
2023-04-22,22-23,Leicester,Wolves,2,1,H,2.46,3.31,3.14,2.45,3.4,3.13
2023-04-22,22-23,Liverpool,Nott'm Forest,3,2,H,1.19,7.71,15.51,1.17,8.5,16.5
2023-04-23,22-23,Bournemouth,West Ham,0,4,A,2.85,3.3,2.68,3.03,3.34,2.55
2023-04-23,22-23,Newcastle,Tottenham,6,1,H,1.84,3.94,4.31,1.93,3.82,4.11
2023-04-25,22-23,Wolves,Crystal Palace,2,0,H,2.56,3.15,3.13,2.34,3.05,3.82
2023-04-25,22-23,Aston Villa,Fulham,1,0,H,1.8,3.99,4.45,1.77,3.84,4.99
2023-04-25,22-23,Leeds,Leicester,1,1,D,2.39,3.59,3.02,2.42,3.6,3.02
2023-04-26,22-23,Nott'm Forest,Brighton,3,1,H,6.12,4.42,1.56,5.83,4.37,1.59
2023-04-26,22-23,Chelsea,Brentford,0,2,A,1.73,3.93,5.06,1.88,3.69,4.55
2023-04-26,22-23,West Ham,Liverpool,1,2,A,4.07,3.97,1.88,3.64,3.89,2.04
2023-04-26,22-23,Man City,Arsenal,4,1,H,1.57,4.52,5.71,1.68,4.17,5.2
2023-04-27,22-23,Everton,Newcastle,1,4,A,5.03,3.83,1.75,4.71,3.73,1.84
2023-04-27,22-23,Southampton,Bournemouth,0,1,A,2.34,3.49,3.19,2.62,3.26,3.0
2023-04-27,22-23,Tottenham,Man United,2,2,D,2.81,3.72,2.48,2.95,3.91,2.34
2023-04-29,22-23,Crystal Palace,West Ham,4,3,H,2.73,3.24,2.83,2.56,3.26,3.08
2023-04-29,22-23,Brentford,Nott'm Forest,2,1,H,1.68,3.92,5.54,1.77,3.8,5.02
2023-04-29,22-23,Brighton,Wolves,6,0,H,1.51,4.48,6.75,1.64,4.17,5.66
2023-04-30,22-23,Bournemouth,Leeds,4,1,H,2.65,3.57,2.69,2.51,3.43,3.01
2023-04-30,22-23,Fulham,Man City,1,2,A,11.97,6.48,1.25,11.62,6.36,1.26
2023-04-30,22-23,Man United,Aston Villa,1,0,H,1.81,4.03,4.34,1.76,4.05,4.72
2023-04-30,22-23,Newcastle,Southampton,3,1,H,1.33,5.71,9.61,1.25,6.41,12.44
2023-04-30,22-23,Liverpool,Tottenham,4,3,H,1.54,4.97,5.51,1.54,4.98,5.65
2023-05-01,22-23,Leicester,Everton,2,2,D,2.04,3.48,3.98,2.06,3.48,4.01
2023-05-02,22-23,Arsenal,Chelsea,3,1,H,1.59,4.32,5.96,1.63,4.17,5.71
2023-05-03,22-23,Liverpool,Fulham,1,0,H,1.27,6.5,10.02,1.32,6.15,8.79
2023-05-03,22-23,Man City,West Ham,3,0,H,1.21,7.27,13.54,1.17,8.33,17.25
2023-05-04,22-23,Brighton,Man United,1,0,H,2.05,3.84,3.57,2.18,3.86,3.27
2023-05-06,22-23,Bournemouth,Chelsea,1,3,A,3.46,3.55,2.19,3.62,3.67,2.11
2023-05-06,22-23,Man City,Leeds,2,1,H,1.18,8.6,14.23,1.17,8.75,17.0
2023-05-06,22-23,Tottenham,Crystal Palace,1,0,H,1.84,3.98,4.24,1.82,3.94,4.53
2023-05-06,22-23,Wolves,Aston Villa,1,0,H,3.06,3.31,2.51,3.19,3.4,2.41
2023-05-06,22-23,Liverpool,Brentford,1,0,H,1.49,5.09,6.17,1.43,5.39,6.91
2023-05-07,22-23,Newcastle,Arsenal,0,2,A,2.51,3.8,2.73,2.32,3.77,3.07
2023-05-07,22-23,West Ham,Man United,1,0,H,3.57,3.78,2.07,3.64,3.76,2.05
2023-05-08,22-23,Fulham,Leicester,5,3,H,2.71,3.61,2.62,2.72,3.49,2.72
2023-05-08,22-23,Brighton,Everton,1,5,A,1.38,5.34,8.38,1.37,5.55,8.52
2023-05-08,22-23,Nott'm Forest,Southampton,4,3,H,2.17,3.6,3.45,2.03,3.61,3.93
2023-05-13,22-23,Leeds,Newcastle,2,2,D,4.62,4.33,1.71,5.16,4.5,1.63
2023-05-13,22-23,Aston Villa,Tottenham,2,1,H,2.34,3.72,3.01,2.24,3.79,3.2
2023-05-13,22-23,Chelsea,Nott'm Forest,2,2,D,1.51,4.47,6.88,1.57,4.38,5.75
2023-05-13,22-23,Crystal Palace,Bournemouth,2,0,H,1.88,3.82,4.24,1.81,3.78,4.9
2023-05-13,22-23,Man United,Wolves,2,0,H,1.38,5.24,8.6,1.39,5.39,8.1
2023-05-13,22-23,Southampton,Fulham,0,2,A,2.84,3.56,2.54,2.74,3.57,2.65
2023-05-14,22-23,Brentford,West Ham,2,0,H,2.06,3.65,3.71,1.83,3.7,4.79
2023-05-14,22-23,Everton,Man City,0,3,A,8.95,5.45,1.36,8.35,5.27,1.39
2023-05-14,22-23,Arsenal,Brighton,0,3,A,1.78,4.36,4.21,1.74,4.39,4.48
2023-05-15,22-23,Leicester,Liverpool,0,3,A,4.99,4.74,1.61,4.63,4.27,1.74
2023-05-18,22-23,Newcastle,Brighton,4,1,H,2.06,3.95,3.44,1.8,4.2,4.33
2023-05-20,22-23,Tottenham,Brentford,1,3,A,1.85,3.99,4.16,2.03,3.86,3.69
2023-05-20,22-23,Bournemouth,Man United,0,1,A,5.87,4.84,1.53,7.42,5.39,1.41
2023-05-20,22-23,Fulham,Crystal Palace,2,2,D,2.49,3.39,3.03,2.44,3.3,3.24
2023-05-20,22-23,Liverpool,Aston Villa,1,1,D,1.5,5.07,5.94,1.48,5.0,6.46
2023-05-20,22-23,Wolves,Everton,1,1,D,2.81,3.36,2.67,3.24,3.58,2.37
2023-05-20,22-23,Nott'm Forest,Arsenal,1,0,H,5.37,4.47,1.61,5.28,4.23,1.66
2023-05-21,22-23,West Ham,Leeds,3,1,H,2.51,3.65,2.82,2.74,3.56,2.65
2023-05-21,22-23,Brighton,Southampton,3,1,H,1.23,6.99,12.43,1.21,7.65,13.5
2023-05-21,22-23,Man City,Chelsea,1,0,H,1.26,6.39,11.14,1.6,4.2,5.96
2023-05-22,22-23,Newcastle,Leicester,0,0,D,1.4,5.55,7.24,1.33,5.92,9.37
2023-05-24,22-23,Brighton,Man City,1,1,D,3.93,4.39,1.83,3.8,4.24,1.91
2023-05-25,22-23,Man United,Chelsea,4,1,H,1.63,4.49,5.19,1.55,4.39,6.53
2023-05-28,22-23,Arsenal,Wolves,5,0,H,1.38,5.51,7.66,1.28,6.28,9.77
2023-05-28,22-23,Aston Villa,Brighton,2,1,H,2.05,4.03,3.35,1.88,4.07,3.95
2023-05-28,22-23,Brentford,Man City,1,0,H,4.04,4.1,1.84,3.46,3.66,2.25
2023-05-28,22-23,Chelsea,Newcastle,1,1,D,2.89,3.74,2.38,2.76,3.82,2.48
2023-05-28,22-23,Crystal Palace,Nott'm Forest,1,1,D,1.68,4.28,4.8,1.62,4.19,5.75
2023-05-28,22-23,Everton,Bournemouth,1,0,H,1.5,4.63,6.54,1.65,4.26,5.31
2023-05-28,22-23,Leeds,Tottenham,1,4,A,2.81,3.93,2.36,2.8,3.95,2.39
2023-05-28,22-23,Leicester,West Ham,2,1,H,1.95,4.02,3.64,2.11,4.01,3.29
2023-05-28,22-23,Man United,Fulham,2,1,H,1.53,4.65,5.84,1.49,5.09,6.14
2023-05-28,22-23,Southampton,Liverpool,4,4,D,6.68,5.29,1.43,5.77,4.87,1.53
2023-08-11,23-24,Burnley,Man City,0,3,A,8.58,5.51,1.37,9.62,5.81,1.33
2023-08-12,23-24,Arsenal,Nott'm Forest,2,1,H,1.18,7.86,15.67,1.19,8.0,16.0
2023-08-12,23-24,Bournemouth,West Ham,1,1,D,2.7,3.47,2.71,2.75,3.6,2.63
2023-08-12,23-24,Brighton,Luton,4,1,H,1.33,5.65,9.61,1.27,6.36,11.36
2023-08-12,23-24,Everton,Fulham,0,1,A,2.27,3.45,3.35,2.39,3.32,3.3
2023-08-12,23-24,Sheffield United,Crystal Palace,0,1,A,3.28,3.22,2.43,3.98,3.22,2.17
2023-08-12,23-24,Newcastle,Aston Villa,5,1,H,1.77,3.92,4.77,1.68,4.2,5.29
2023-08-13,23-24,Brentford,Tottenham,2,2,D,2.76,3.65,2.55,2.62,3.54,2.8
2023-08-13,23-24,Chelsea,Liverpool,1,1,D,2.97,3.64,2.4,3.21,3.89,2.2
2023-08-14,23-24,Man United,Wolves,1,0,H,1.32,5.79,9.66,1.27,6.3,12.25
2023-08-18,23-24,Nott'm Forest,Sheffield United,2,1,H,1.97,3.48,4.37,1.94,3.51,4.48
2023-08-19,23-24,Fulham,Brentford,0,3,A,2.76,3.43,2.67,2.87,3.22,2.75
2023-08-19,23-24,Liverpool,Bournemouth,3,1,H,1.23,7.14,11.46,1.2,8.25,13.0
2023-08-19,23-24,Wolves,Brighton,1,4,A,4.12,3.92,1.88,4.11,4.21,1.83
2023-08-19,23-24,Tottenham,Man United,2,0,H,2.85,3.82,2.41,3.07,3.87,2.28
2023-08-19,23-24,Man City,Newcastle,1,0,H,1.73,4.1,4.8,1.87,3.84,4.37
2023-08-20,23-24,Aston Villa,Everton,4,0,H,1.72,3.99,5.06,1.85,3.92,4.38
2023-08-20,23-24,West Ham,Chelsea,3,1,H,3.68,3.57,2.1,3.25,3.65,2.27
2023-08-21,23-24,Crystal Palace,Arsenal,0,1,A,5.73,4.12,1.63,4.51,3.53,1.93
2023-08-25,23-24,Chelsea,Luton,3,0,H,1.3,6.08,10.68,1.27,6.25,12.5
2023-08-26,23-24,Bournemouth,Tottenham,0,2,A,3.72,4.04,1.95,3.47,3.89,2.09
2023-08-26,23-24,Arsenal,Fulham,2,2,D,1.24,6.07,15.25,1.29,6.29,10.32
2023-08-26,23-24,Brentford,Crystal Palace,1,1,D,2.17,3.43,3.62,2.16,3.37,3.81
2023-08-26,23-24,Everton,Wolves,0,1,A,2.34,3.32,3.34,2.45,3.38,3.14
2023-08-26,23-24,Man United,Nott'm Forest,3,2,H,1.32,5.98,9.11,1.38,5.3,8.51
2023-08-26,23-24,Brighton,West Ham,1,3,A,1.54,4.74,5.81,1.5,4.95,6.25
2023-08-27,23-24,Burnley,Aston Villa,1,3,A,3.39,3.65,2.18,3.24,3.6,2.29
2023-08-27,23-24,Sheffield United,Man City,1,2,A,16.72,7.73,1.18,16.0,7.4,1.2
2023-08-27,23-24,Newcastle,Liverpool,1,2,A,2.2,3.95,3.13,2.24,3.93,3.11
2023-09-01,23-24,Luton,West Ham,1,2,A,4.82,4.04,1.75,4.67,4.09,1.76
2023-09-02,23-24,Sheffield United,Everton,2,2,D,3.06,3.27,2.53,3.21,3.42,2.39
2023-09-02,23-24,Brentford,Bournemouth,2,2,D,1.75,4.14,4.62,1.75,4.01,4.86
2023-09-02,23-24,Burnley,Tottenham,2,5,A,3.97,4.04,1.88,3.71,3.79,2.04
2023-09-02,23-24,Chelsea,Nott'm Forest,0,1,A,1.39,5.1,8.62,1.41,5.01,8.45
2023-09-02,23-24,Man City,Fulham,5,1,H,1.15,8.93,18.11,1.19,7.65,16.0
2023-09-02,23-24,Brighton,Newcastle,3,1,H,2.59,3.94,2.58,2.64,3.87,2.59
2023-09-03,23-24,Crystal Palace,Wolves,3,2,H,1.97,3.5,4.25,1.9,3.61,4.54
2023-09-03,23-24,Liverpool,Aston Villa,3,0,H,1.68,4.61,4.6,1.65,4.67,5.02
2023-09-03,23-24,Arsenal,Man United,3,1,H,1.77,4.08,4.55,1.76,4.2,4.49
2023-09-16,23-24,Wolves,Liverpool,1,3,A,6.66,4.98,1.47,4.58,4.46,1.71
2023-09-16,23-24,Aston Villa,Crystal Palace,3,1,H,1.93,3.76,4.1,1.98,3.66,4.08
2023-09-16,23-24,Fulham,Luton,1,0,H,1.68,4.03,5.31,1.69,3.82,5.68
2023-09-16,23-24,Man United,Brighton,1,3,A,2.25,4.02,2.99,2.07,3.9,3.53
2023-09-16,23-24,Tottenham,Sheffield United,2,1,H,1.29,6.08,10.21,1.3,6.31,9.4
2023-09-16,23-24,West Ham,Man City,1,3,A,6.58,4.7,1.5,5.49,4.3,1.63
2023-09-16,23-24,Newcastle,Brentford,1,0,H,1.54,4.47,6.3,1.66,4.17,5.43
2023-09-17,23-24,Bournemouth,Chelsea,0,0,D,4.39,4.05,1.8,4.34,3.97,1.83
2023-09-17,23-24,Everton,Arsenal,0,1,A,6.3,4.54,1.53,6.0,4.3,1.59
2023-09-18,23-24,Nott'm Forest,Burnley,1,1,D,2.23,3.58,3.33,2.14,3.51,3.69
2023-09-23,23-24,Crystal Palace,Fulham,0,0,D,1.99,3.54,4.11,2.1,3.39,3.97
2023-09-23,23-24,Luton,Wolves,1,1,D,3.26,3.47,2.31,3.28,3.31,2.41
2023-09-23,23-24,Man City,Nott'm Forest,2,0,H,1.15,9.04,17.91,1.17,8.5,18.0
2023-09-23,23-24,Brentford,Everton,1,3,A,1.81,3.8,4.67,1.95,3.53,4.4
2023-09-23,23-24,Burnley,Man United,0,1,A,4.28,4.31,1.77,4.32,4.0,1.83
2023-09-24,23-24,Arsenal,Tottenham,2,2,D,1.68,4.45,4.69,1.65,4.39,5.11
2023-09-24,23-24,Brighton,Bournemouth,3,1,H,1.41,5.08,7.9,1.52,4.97,5.9
2023-09-24,23-24,Chelsea,Aston Villa,0,1,A,1.93,3.9,3.93,1.91,3.93,4.1
2023-09-24,23-24,Liverpool,West Ham,3,1,H,1.4,5.67,7.21,1.39,5.64,7.61
2023-09-24,23-24,Sheffield United,Newcastle,0,8,A,7.05,4.98,1.45,6.05,4.39,1.57
2023-09-30,23-24,Aston Villa,Brighton,6,1,H,2.58,3.96,2.58,2.49,3.77,2.82
2023-09-30,23-24,Bournemouth,Arsenal,0,4,A,5.59,4.77,1.56,6.06,4.62,1.55
2023-09-30,23-24,Everton,Luton,1,2,A,1.62,3.94,6.24,1.67,3.93,5.7
2023-09-30,23-24,Man United,Crystal Palace,0,1,A,1.57,4.36,5.96,1.58,4.37,5.96
2023-09-30,23-24,Newcastle,Burnley,2,0,H,1.34,5.67,9.15,1.38,5.24,8.53
2023-09-30,23-24,West Ham,Sheffield United,2,0,H,1.44,4.94,7.44,1.48,4.79,7.0
2023-09-30,23-24,Wolves,Man City,2,1,H,9.61,5.75,1.33,8.61,5.19,1.39
2023-09-30,23-24,Tottenham,Liverpool,2,1,H,2.98,4.12,2.23,2.96,4.01,2.3
2023-10-01,23-24,Nott'm Forest,Brentford,1,1,D,2.84,3.29,2.69,2.62,3.27,2.99
2023-10-02,23-24,Fulham,Chelsea,0,2,A,3.93,3.45,2.06,3.52,3.49,2.22
2023-10-03,23-24,Luton,Burnley,1,2,A,2.94,3.23,2.65,2.95,3.22,2.69
2023-10-07,23-24,Luton,Tottenham,0,1,A,6.91,4.98,1.46,6.8,5.15,1.45
2023-10-07,23-24,Burnley,Chelsea,1,4,A,4.58,3.98,1.78,5.2,4.07,1.69
2023-10-07,23-24,Everton,Bournemouth,3,0,H,1.99,3.71,3.88,1.93,3.78,4.18
2023-10-07,23-24,Fulham,Sheffield United,3,1,H,1.64,4.0,5.9,1.52,4.56,6.57
2023-10-07,23-24,Man United,Brentford,2,1,H,1.7,4.23,4.87,1.63,4.33,5.41
2023-10-07,23-24,Crystal Palace,Nott'm Forest,0,0,D,2.26,3.3,3.54,2.34,3.12,3.64
2023-10-08,23-24,Brighton,Liverpool,2,2,D,3.14,4.02,2.17,3.26,4.19,2.1
2023-10-08,23-24,West Ham,Newcastle,2,2,D,3.41,3.79,2.12,3.58,3.73,2.11
2023-10-08,23-24,Wolves,Aston Villa,1,1,D,3.39,3.64,2.18,3.7,3.68,2.08
2023-10-08,23-24,Arsenal,Man City,1,0,H,2.99,3.49,2.46,3.0,3.39,2.56
2023-10-21,23-24,Liverpool,Everton,2,0,H,1.37,5.77,7.65,1.4,5.5,7.4
2023-10-21,23-24,Bournemouth,Wolves,1,2,A,2.45,3.49,3.01,2.31,3.46,3.32
2023-10-21,23-24,Brentford,Burnley,3,0,H,1.87,3.77,4.37,1.74,3.9,5.09
2023-10-21,23-24,Man City,Brighton,2,1,H,1.42,5.45,6.93,1.36,5.69,7.74
2023-10-21,23-24,Newcastle,Crystal Palace,4,0,H,1.46,4.63,7.7,1.48,4.49,7.68
2023-10-21,23-24,Nott'm Forest,Luton,2,2,D,1.7,3.89,5.43,1.76,3.65,5.39
2023-10-21,23-24,Chelsea,Arsenal,2,2,D,3.33,3.5,2.26,3.35,3.44,2.31
2023-10-21,23-24,Sheffield United,Man United,1,2,A,7.57,5.24,1.41,7.8,5.6,1.38
2023-10-22,23-24,Aston Villa,West Ham,4,1,H,1.9,3.93,4.01,1.79,4.02,4.54
2023-10-23,23-24,Tottenham,Fulham,2,0,H,1.51,4.85,6.06,1.52,4.72,6.13
2023-10-27,23-24,Crystal Palace,Tottenham,1,2,A,4.7,3.84,1.79,4.58,3.85,1.81
2023-10-28,23-24,Chelsea,Brentford,0,2,A,1.66,4.15,5.32,1.65,4.05,5.6
2023-10-28,23-24,Arsenal,Sheffield United,5,0,H,1.13,10.16,21.31,1.13,9.5,21.0
2023-10-28,23-24,Bournemouth,Burnley,2,1,H,2.1,3.76,3.49,2.13,3.65,3.51
2023-10-28,23-24,Wolves,Newcastle,2,2,D,4.22,3.99,1.84,4.11,3.75,1.93
2023-10-29,23-24,West Ham,Everton,0,1,A,2.18,3.62,3.41,2.08,3.7,3.62
2023-10-29,23-24,Aston Villa,Luton,3,1,H,1.28,6.23,10.8,1.34,5.85,8.55
2023-10-29,23-24,Brighton,Fulham,1,1,D,1.59,4.65,5.36,1.64,4.32,5.29
2023-10-29,23-24,Liverpool,Nott'm Forest,3,0,H,1.27,6.51,10.09,1.22,7.31,12.08
2023-10-29,23-24,Man United,Man City,0,3,A,5.16,4.07,1.69,5.6,4.3,1.61
2023-11-04,23-24,Fulham,Man United,0,1,A,3.22,3.68,2.22,3.03,3.59,2.38
2023-11-04,23-24,Brentford,West Ham,3,2,H,2.07,3.74,3.52,2.16,3.71,3.39
2023-11-04,23-24,Burnley,Crystal Palace,0,2,A,2.89,3.24,2.65,3.53,3.21,2.31
2023-11-04,23-24,Everton,Brighton,1,1,D,3.1,3.87,2.21,2.86,3.52,2.54
2023-11-04,23-24,Man City,Bournemouth,6,1,H,1.08,12.84,29.22,1.09,11.5,28.5
2023-11-04,23-24,Sheffield United,Wolves,2,1,H,3.91,3.68,1.97,4.35,3.76,1.87
2023-11-04,23-24,Newcastle,Arsenal,1,0,H,2.83,3.41,2.59,2.84,3.23,2.73
2023-11-05,23-24,Nott'm Forest,Aston Villa,2,0,H,4.17,3.76,1.89,3.93,3.81,1.95
2023-11-05,23-24,Luton,Liverpool,1,1,D,11.23,6.76,1.24,15.0,8.5,1.18
2023-11-06,23-24,Tottenham,Chelsea,1,4,A,2.14,3.73,3.34,2.37,3.65,3.0
2023-11-11,23-24,Wolves,Tottenham,2,1,H,3.11,3.78,2.23,3.13,3.62,2.31
2023-11-11,23-24,Arsenal,Burnley,3,1,H,1.19,7.47,14.74,1.19,7.49,16.59
2023-11-11,23-24,Crystal Palace,Everton,2,3,A,2.45,3.2,3.19,2.71,3.12,2.96
2023-11-11,23-24,Man United,Luton,1,0,H,1.31,5.86,9.36,1.29,6.14,10.06
2023-11-11,23-24,Bournemouth,Newcastle,2,0,H,4.52,4.06,1.76,3.9,3.76,1.97
2023-11-12,23-24,Aston Villa,Fulham,3,1,H,1.6,4.27,5.67,1.64,4.22,5.4
2023-11-12,23-24,Brighton,Sheffield United,1,1,D,1.24,6.8,11.28,1.27,6.23,11.19
2023-11-12,23-24,Liverpool,Brentford,3,0,H,1.41,5.26,7.17,1.4,5.51,7.48
2023-11-12,23-24,West Ham,Nott'm Forest,3,2,H,1.89,3.79,4.1,1.81,3.84,4.59
2023-11-12,23-24,Chelsea,Man City,4,4,D,4.92,3.8,1.75,4.8,4.0,1.76
2023-11-25,23-24,Man City,Liverpool,1,1,D,1.75,4.37,4.24,1.7,4.42,4.61
2023-11-25,23-24,Burnley,West Ham,1,2,A,3.58,3.54,2.12,3.48,3.43,2.23
2023-11-25,23-24,Luton,Crystal Palace,2,1,H,3.7,3.41,2.13,4.12,3.42,2.03
2023-11-25,23-24,Newcastle,Chelsea,4,1,H,2.65,3.46,2.73,2.6,3.55,2.76
2023-11-25,23-24,Nott'm Forest,Brighton,2,3,A,3.32,3.63,2.19,3.69,3.63,2.07
2023-11-25,23-24,Sheffield United,Bournemouth,1,3,A,3.36,3.54,2.2,3.57,3.5,2.16
2023-11-25,23-24,Brentford,Arsenal,0,1,A,4.74,3.82,1.78,5.8,4.05,1.65
2023-11-26,23-24,Tottenham,Aston Villa,1,2,A,2.36,3.93,2.82,2.7,3.7,2.58
2023-11-26,23-24,Everton,Man United,0,3,A,2.75,3.51,2.6,2.68,3.45,2.75
2023-11-27,23-24,Fulham,Wolves,3,2,H,2.45,3.37,3.05,2.43,3.3,3.19
2023-12-02,23-24,Arsenal,Wolves,2,1,H,1.29,5.9,10.82,1.24,6.5,13.0
2023-12-02,23-24,Brentford,Luton,3,1,H,1.45,4.83,7.07,1.54,4.43,6.38
2023-12-02,23-24,Burnley,Sheffield United,5,0,H,1.83,3.63,4.65,1.74,3.81,5.19
2023-12-02,23-24,Nott'm Forest,Everton,0,1,A,2.85,3.31,2.64,2.88,3.16,2.76
2023-12-02,23-24,Newcastle,Man United,1,0,H,1.9,3.87,4.0,2.0,3.78,3.79
2023-12-03,23-24,Bournemouth,Aston Villa,2,2,D,3.56,4.07,1.97,3.12,3.98,2.19
2023-12-03,23-24,Chelsea,Brighton,3,2,H,1.75,4.21,4.4,1.6,4.45,5.5
2023-12-03,23-24,Liverpool,Fulham,4,3,H,1.25,6.76,10.35,1.23,7.04,11.81
2023-12-03,23-24,West Ham,Crystal Palace,1,1,D,2.01,3.56,3.92,1.94,3.58,4.26
2023-12-03,23-24,Man City,Tottenham,3,3,D,1.27,6.42,9.75,1.23,7.6,10.75
2023-12-05,23-24,Wolves,Burnley,1,0,H,1.92,3.6,4.35,1.95,3.65,4.13
2023-12-05,23-24,Luton,Arsenal,3,4,A,14.73,6.77,1.22,15.5,7.25,1.2
2023-12-06,23-24,Brighton,Brentford,2,1,H,1.94,3.89,3.79,1.76,4.1,4.57
2023-12-06,23-24,Crystal Palace,Bournemouth,0,2,A,2.3,3.45,3.23,2.36,3.43,3.2
2023-12-06,23-24,Fulham,Nott'm Forest,5,0,H,2.06,3.5,3.81,2.06,3.46,3.94
2023-12-06,23-24,Sheffield United,Liverpool,0,2,A,14.14,7.68,1.19,14.0,8.5,1.18
2023-12-06,23-24,Aston Villa,Man City,1,0,H,4.35,4.29,1.75,5.12,4.33,1.64
2023-12-06,23-24,Man United,Chelsea,2,1,H,2.88,3.67,2.42,2.86,3.61,2.49
2023-12-07,23-24,Everton,Newcastle,3,0,H,3.17,3.41,2.36,3.28,3.45,2.31
2023-12-07,23-24,Tottenham,West Ham,1,2,A,1.8,4.31,4.04,1.67,4.4,4.9
2023-12-09,23-24,Crystal Palace,Liverpool,1,2,A,6.3,4.59,1.51,6.65,4.7,1.5
2023-12-09,23-24,Brighton,Burnley,1,1,D,1.5,4.69,6.31,1.54,4.53,6.19
2023-12-09,23-24,Man United,Bournemouth,0,3,A,1.55,4.7,5.52,1.67,4.48,4.78
2023-12-09,23-24,Sheffield United,Brentford,1,0,H,4.47,3.84,1.81,4.71,3.91,1.78
2023-12-09,23-24,Wolves,Nott'm Forest,1,1,D,1.89,3.56,4.44,1.99,3.34,4.42
2023-12-09,23-24,Aston Villa,Arsenal,1,0,H,3.43,3.69,2.12,3.65,3.87,2.02
2023-12-10,23-24,Everton,Chelsea,2,0,H,3.03,3.59,2.36,2.55,3.45,2.88
2023-12-10,23-24,Fulham,West Ham,5,0,H,2.44,3.4,3.03,2.19,3.6,3.41
2023-12-10,23-24,Luton,Man City,1,2,A,18.31,10.09,1.13,16.0,7.8,1.18
2023-12-10,23-24,Tottenham,Newcastle,4,1,H,2.23,3.84,3.08,2.06,4.0,3.41
2023-12-15,23-24,Nott'm Forest,Tottenham,0,2,A,4.51,4.14,1.76,5.14,4.19,1.68
2023-12-16,23-24,Chelsea,Sheffield United,2,0,H,1.24,6.69,11.68,1.18,8.04,15.9
2023-12-16,23-24,Man City,Crystal Palace,2,2,D,1.17,7.98,15.35,1.18,7.6,20.24
2023-12-16,23-24,Newcastle,Fulham,3,0,H,1.87,3.94,4.04,1.92,3.83,4.07
2023-12-16,23-24,Burnley,Everton,0,2,A,3.66,3.44,2.13,3.28,3.57,2.26
2023-12-17,23-24,Arsenal,Brighton,2,0,H,1.48,4.76,6.67,1.47,4.88,6.82
2023-12-17,23-24,Brentford,Aston Villa,1,2,A,3.24,3.73,2.19,3.18,3.46,2.36
2023-12-17,23-24,West Ham,Wolves,3,0,H,2.12,3.62,3.5,1.9,3.65,4.34
2023-12-17,23-24,Liverpool,Man United,0,0,D,1.32,5.99,8.37,1.33,6.1,8.5
2023-12-21,23-24,Crystal Palace,Brighton,1,1,D,3.4,3.47,2.22,3.23,3.37,2.38
2023-12-22,23-24,Aston Villa,Sheffield United,1,1,D,1.24,6.98,11.3,1.22,7.3,12.5
2023-12-23,23-24,West Ham,Man United,2,0,H,2.65,3.65,2.62,2.1,3.89,3.39
2023-12-23,23-24,Fulham,Burnley,0,2,A,1.7,3.96,5.12,1.71,3.93,5.24
2023-12-23,23-24,Luton,Newcastle,1,0,H,4.91,4.36,1.65,5.32,4.12,1.67
2023-12-23,23-24,Nott'm Forest,Bournemouth,2,3,A,2.74,3.52,2.61,2.94,3.45,2.52
2023-12-23,23-24,Tottenham,Everton,2,1,H,1.8,4.29,4.05,1.7,4.29,4.76
2023-12-23,23-24,Liverpool,Arsenal,1,1,D,2.47,3.63,2.84,2.52,3.66,2.8
2023-12-24,23-24,Wolves,Chelsea,2,1,H,3.77,3.76,1.99,3.34,3.65,2.2
2023-12-26,23-24,Newcastle,Nott'm Forest,1,3,A,1.51,4.42,6.64,1.4,5.15,8.1
2023-12-26,23-24,Bournemouth,Fulham,3,0,H,2.22,3.69,3.2,1.92,3.9,3.97
2023-12-26,23-24,Sheffield United,Luton,2,3,A,2.46,3.32,3.07,2.46,3.29,3.15
2023-12-26,23-24,Burnley,Liverpool,0,2,A,8.02,5.32,1.38,7.85,5.65,1.38
2023-12-26,23-24,Man United,Aston Villa,3,2,H,2.68,3.62,2.61,2.35,3.77,2.98
2023-12-27,23-24,Brentford,Wolves,1,4,A,1.94,3.66,4.07,2.25,3.39,3.46
2023-12-27,23-24,Chelsea,Crystal Palace,2,1,H,1.72,3.89,5.06,1.81,3.76,4.72
2023-12-27,23-24,Everton,Man City,1,3,A,6.32,4.1,1.57,5.5,3.97,1.68
2023-12-28,23-24,Brighton,Tottenham,4,2,H,2.53,4.05,2.56,2.48,3.92,2.71
2023-12-28,23-24,Arsenal,West Ham,0,2,A,1.36,5.49,8.28,1.29,6.09,10.81
2023-12-30,23-24,Luton,Chelsea,2,3,A,6.05,4.65,1.52,5.55,4.6,1.58
2023-12-30,23-24,Aston Villa,Burnley,3,2,H,1.38,5.29,8.1,1.41,5.3,7.94
2023-12-30,23-24,Crystal Palace,Brentford,3,1,H,2.22,3.3,3.58,2.15,3.27,3.89
2023-12-30,23-24,Man City,Sheffield United,2,0,H,1.07,14.55,28.9,1.07,14.0,36.0
2023-12-30,23-24,Wolves,Everton,3,0,H,2.67,3.41,2.74,2.97,3.24,2.61
2023-12-30,23-24,Nott'm Forest,Man United,2,1,H,3.33,3.72,2.15,3.31,3.66,2.21
2023-12-31,23-24,Fulham,Arsenal,2,1,H,5.94,4.29,1.57,5.78,4.22,1.61
2023-12-31,23-24,Tottenham,Bournemouth,3,1,H,1.77,4.42,4.08,1.79,4.59,3.92
2024-01-01,23-24,Liverpool,Newcastle,4,2,H,1.45,4.96,6.69,1.38,5.7,7.75
2024-01-02,23-24,West Ham,Brighton,0,0,D,2.52,3.68,2.74,3.19,3.65,2.27
2024-01-12,23-24,Burnley,Luton,1,1,D,2.06,3.58,3.8,2.18,3.47,3.6
2024-01-13,23-24,Chelsea,Fulham,1,0,H,1.65,4.22,5.13,1.67,4.15,5.3
2024-01-13,23-24,Newcastle,Man City,2,3,A,5.63,4.53,1.56,5.1,4.25,1.67
2024-01-14,23-24,Everton,Aston Villa,0,0,D,2.81,3.62,2.49,2.55,3.61,2.79
2024-01-14,23-24,Man United,Tottenham,2,2,D,2.22,3.97,3.01,1.99,4.02,3.59
2024-01-20,23-24,Arsenal,Crystal Palace,5,0,H,1.29,5.85,10.86,1.27,6.15,12.65
2024-01-20,23-24,Brentford,Nott'm Forest,3,2,H,1.85,3.83,4.29,1.78,3.86,4.81
2024-01-21,23-24,Sheffield United,West Ham,2,2,D,3.45,3.47,2.2,2.82,3.35,2.67
2024-01-21,23-24,Bournemouth,Liverpool,0,4,A,4.41,4.36,1.72,4.49,4.46,1.71
2024-01-22,23-24,Brighton,Wolves,0,0,D,1.66,4.28,5.01,1.67,4.25,5.15
2024-01-30,23-24,Nott'm Forest,Arsenal,1,2,A,7.77,5.14,1.4,9.02,5.14,1.38
2024-01-30,23-24,Fulham,Everton,0,0,D,2.46,3.32,3.08,2.23,3.27,3.64
2024-01-30,23-24,Luton,Brighton,4,0,H,4.43,4.06,1.78,4.29,3.99,1.83
2024-01-30,23-24,Crystal Palace,Sheffield United,3,2,H,1.64,3.93,5.81,1.61,4.01,6.2
2024-01-30,23-24,Aston Villa,Newcastle,1,3,A,1.85,4.05,4.02,1.86,4.08,4.06
2024-01-31,23-24,Man City,Burnley,3,1,H,1.11,12.41,18.6,1.11,11.5,23.0
2024-01-31,23-24,Tottenham,Brentford,3,2,H,1.69,4.32,4.7,1.62,4.56,5.18
2024-01-31,23-24,Liverpool,Chelsea,4,1,H,1.58,4.64,5.29,1.66,4.46,4.89
2024-02-01,23-24,West Ham,Bournemouth,1,1,D,2.45,3.71,2.8,2.51,3.54,2.89
2024-02-01,23-24,Wolves,Man United,3,4,A,2.7,3.51,2.64,3.01,3.46,2.46
2024-02-03,23-24,Everton,Tottenham,2,2,D,2.97,3.71,2.34,3.1,3.74,2.28
2024-02-03,23-24,Brighton,Crystal Palace,4,1,H,1.71,4.04,4.85,1.74,3.82,5.23
2024-02-03,23-24,Burnley,Fulham,2,2,D,2.98,3.5,2.43,2.97,3.28,2.59
2024-02-03,23-24,Newcastle,Luton,4,4,D,1.42,5.07,7.23,1.54,4.69,5.92
2024-02-03,23-24,Sheffield United,Aston Villa,0,5,A,5.02,4.36,1.65,5.35,4.3,1.64
2024-02-04,23-24,Bournemouth,Nott'm Forest,1,1,D,1.71,4.2,4.68,1.66,4.37,5.01
2024-02-04,23-24,Chelsea,Wolves,2,4,A,1.63,4.29,5.27,1.54,4.63,6.02
2024-02-04,23-24,Man United,West Ham,3,0,H,1.65,4.31,5.05,1.56,4.59,5.9
2024-02-04,23-24,Arsenal,Liverpool,3,1,H,2.24,3.72,3.15,2.2,3.75,3.26
2024-02-05,23-24,Brentford,Man City,1,3,A,7.44,5.09,1.41,7.8,5.4,1.39
2024-02-10,23-24,Man City,Everton,2,0,H,1.19,7.68,13.24,1.24,6.85,12.25
2024-02-10,23-24,Fulham,Bournemouth,3,1,H,2.46,3.6,2.87,2.64,3.5,2.76
2024-02-10,23-24,Liverpool,Burnley,3,1,H,1.16,8.71,15.08,1.16,9.27,15.41
2024-02-10,23-24,Luton,Sheffield United,1,3,A,1.79,3.85,4.6,1.72,4.05,4.96
2024-02-10,23-24,Tottenham,Brighton,2,1,H,1.81,4.35,3.92,1.72,4.64,4.27
2024-02-10,23-24,Wolves,Brentford,0,2,A,2.14,3.65,3.42,2.27,3.54,3.28
2024-02-10,23-24,Nott'm Forest,Newcastle,2,3,A,3.29,3.81,2.14,3.32,3.79,2.16
2024-02-11,23-24,West Ham,Arsenal,0,6,A,5.95,4.4,1.56,6.25,4.4,1.56
2024-02-11,23-24,Aston Villa,Man United,1,2,A,2.16,3.91,3.18,2.18,3.93,3.18
2024-02-12,23-24,Crystal Palace,Chelsea,1,3,A,4.25,3.86,1.85,5.04,3.99,1.72
2024-02-17,23-24,Brentford,Liverpool,1,4,A,5.27,4.59,1.59,4.85,4.45,1.66
2024-02-17,23-24,Burnley,Arsenal,0,5,A,9.78,5.73,1.31,10.32,6.08,1.29
2024-02-17,23-24,Fulham,Aston Villa,1,2,A,2.97,3.76,2.32,3.1,3.74,2.28
2024-02-17,23-24,Newcastle,Bournemouth,2,2,D,1.87,4.15,3.84,2.0,3.94,3.64
2024-02-17,23-24,Nott'm Forest,West Ham,2,0,H,2.47,3.5,2.92,2.29,3.54,3.24
2024-02-17,23-24,Tottenham,Wolves,1,2,A,1.55,4.87,5.36,1.51,5.01,5.84
2024-02-17,23-24,Man City,Chelsea,1,1,D,1.34,5.71,8.37,1.31,6.6,8.75
2024-02-18,23-24,Sheffield United,Brighton,0,5,A,4.99,4.4,1.64,4.91,4.32,1.68
2024-02-18,23-24,Luton,Man United,1,2,A,4.17,4.13,1.81,4.32,4.14,1.79
2024-02-19,23-24,Everton,Crystal Palace,1,1,D,1.72,3.79,5.26,1.83,3.49,5.06
2024-02-20,23-24,Man City,Brentford,1,0,H,1.17,8.67,15.04,1.18,8.5,15.0
2024-02-21,23-24,Liverpool,Luton,4,1,H,1.19,7.94,12.93,1.25,6.93,10.47
2024-02-24,23-24,Aston Villa,Nott'm Forest,4,2,H,1.57,4.52,5.55,1.61,4.51,5.37
2024-02-24,23-24,Brighton,Everton,1,1,D,1.82,4.04,4.2,1.87,3.98,4.1
2024-02-24,23-24,Crystal Palace,Burnley,3,0,H,2.03,3.45,3.98,1.98,3.54,4.13
2024-02-24,23-24,Man United,Fulham,1,2,A,1.61,4.48,5.21,1.65,4.26,5.24
2024-02-24,23-24,Bournemouth,Man City,0,1,A,7.2,5.14,1.42,6.75,5.2,1.45
2024-02-24,23-24,Arsenal,Newcastle,4,1,H,1.4,5.32,7.33,1.36,5.75,8.2
2024-02-25,23-24,Wolves,Sheffield United,1,0,H,1.43,4.66,7.0,1.49,4.65,6.92
2024-02-26,23-24,West Ham,Brentford,4,2,H,2.57,3.68,2.68,2.33,3.6,3.12
2024-03-02,23-24,Brentford,Chelsea,2,2,D,3.04,3.95,2.21,3.28,3.74,2.2
2024-03-02,23-24,Everton,West Ham,1,3,A,2.1,3.57,3.62,2.17,3.56,3.49
2024-03-02,23-24,Fulham,Brighton,3,0,H,2.6,3.59,2.7,2.62,3.44,2.81
2024-03-02,23-24,Newcastle,Wolves,3,0,H,1.89,4.01,3.89,1.73,4.28,4.58
2024-03-02,23-24,Nott'm Forest,Liverpool,0,1,A,5.69,4.73,1.54,5.41,4.51,1.6
2024-03-02,23-24,Tottenham,Crystal Palace,3,1,H,1.52,4.51,6.26,1.54,4.6,6.11
2024-03-02,23-24,Luton,Aston Villa,2,3,A,4.34,4.44,1.72,4.55,4.5,1.7
2024-03-03,23-24,Burnley,Bournemouth,0,2,A,3.79,3.83,1.96,3.8,3.8,1.99
2024-03-03,23-24,Man City,Man United,3,1,H,1.27,6.39,10.06,1.24,7.2,10.75
2024-03-04,23-24,Sheffield United,Arsenal,0,6,A,16.74,8.18,1.16,17.5,7.75,1.18
2024-03-09,23-24,Man United,Everton,2,0,H,1.84,3.93,4.2,1.95,3.74,4.01
2024-03-09,23-24,Bournemouth,Sheffield United,2,2,D,1.35,5.55,8.52,1.34,5.79,8.51
2024-03-09,23-24,Crystal Palace,Luton,1,1,D,1.77,3.95,4.58,1.92,3.76,4.12
2024-03-09,23-24,Wolves,Fulham,2,1,H,2.52,3.46,2.88,2.56,3.44,2.89
2024-03-09,23-24,Arsenal,Brentford,2,1,H,1.23,6.96,11.44,1.22,7.5,13.0
2024-03-10,23-24,Aston Villa,Tottenham,0,4,A,2.47,3.98,2.65,2.55,3.86,2.66
2024-03-10,23-24,Brighton,Nott'm Forest,1,0,H,1.81,4.01,4.26,1.63,4.39,5.3
2024-03-10,23-24,West Ham,Burnley,2,2,D,1.69,4.06,5.04,1.66,4.08,5.43
2024-03-10,23-24,Liverpool,Man City,1,1,D,3.02,3.8,2.28,3.48,3.9,2.06
2024-03-11,23-24,Chelsea,Newcastle,3,2,H,1.96,4.07,3.59,1.85,4.31,3.91
2024-03-13,23-24,Bournemouth,Luton,4,3,H,1.51,4.71,6.18,1.53,4.89,5.69
2024-03-16,23-24,Burnley,Brentford,2,1,H,3.23,3.72,2.2,3.18,3.65,2.28
2024-03-16,23-24,Luton,Nott'm Forest,1,1,D,2.83,3.69,2.44,2.67,3.59,2.67
2024-03-16,23-24,Fulham,Tottenham,3,0,H,3.42,4.09,2.01,3.45,4.0,2.05
2024-03-17,23-24,West Ham,Aston Villa,1,1,D,2.66,3.82,2.52,2.48,3.69,2.83
2024-03-30,23-24,Newcastle,West Ham,4,3,H,1.81,4.26,4.0,1.85,4.19,3.96
2024-03-30,23-24,Bournemouth,Everton,2,1,H,2.24,3.56,3.27,2.18,3.74,3.24
2024-03-30,23-24,Chelsea,Burnley,2,2,D,1.3,6.12,9.34,1.25,6.66,11.18
2024-03-30,23-24,Nott'm Forest,Crystal Palace,1,1,D,2.29,3.38,3.34,2.25,3.4,3.43
2024-03-30,23-24,Sheffield United,Fulham,3,3,D,4.89,3.95,1.73,4.89,4.13,1.71
2024-03-30,23-24,Tottenham,Luton,2,1,H,1.21,7.6,11.57,1.19,8.37,12.64
2024-03-30,23-24,Aston Villa,Wolves,2,0,H,1.64,4.46,4.9,1.53,4.41,6.66
2024-03-30,23-24,Brentford,Man United,1,1,D,3.09,3.86,2.22,3.39,4.06,2.06
2024-03-31,23-24,Liverpool,Brighton,2,1,H,1.37,5.71,7.57,1.29,6.6,9.25
2024-03-31,23-24,Man City,Arsenal,0,0,D,1.92,3.86,3.94,2.09,3.6,3.72
2024-04-02,23-24,Newcastle,Everton,1,1,D,2.03,3.86,3.62,2.03,3.78,3.72
2024-04-02,23-24,Nott'm Forest,Fulham,3,1,H,2.78,3.51,2.61,2.74,3.48,2.66
2024-04-02,23-24,Bournemouth,Crystal Palace,1,0,H,2.02,3.8,3.69,1.89,3.89,4.14
2024-04-02,23-24,Burnley,Wolves,1,1,D,2.55,3.54,2.83,2.36,3.54,3.08
2024-04-02,23-24,West Ham,Tottenham,1,1,D,3.38,4.24,2.01,3.47,4.26,1.99
2024-04-03,23-24,Arsenal,Luton,2,0,H,1.11,11.82,20.95,1.13,10.5,19.5
2024-04-03,23-24,Brentford,Brighton,0,0,D,2.38,3.79,2.86,2.57,3.63,2.75
2024-04-03,23-24,Man City,Aston Villa,4,1,H,1.3,6.32,8.88,1.21,7.5,13.5
2024-04-04,23-24,Liverpool,Sheffield United,3,1,H,1.08,14.33,25.37,1.06,18.5,31.0
2024-04-04,23-24,Chelsea,Man United,4,3,H,2.03,4.03,3.42,1.82,4.41,3.98
2024-04-06,23-24,Crystal Palace,Man City,2,4,A,10.64,5.59,1.31,8.8,5.35,1.37
2024-04-06,23-24,Aston Villa,Brentford,3,3,D,1.71,4.24,4.62,1.65,4.22,5.31
2024-04-06,23-24,Everton,Burnley,1,0,H,1.68,4.18,4.99,1.76,3.92,4.79
2024-04-06,23-24,Fulham,Newcastle,0,1,A,2.35,3.87,2.86,2.47,3.7,2.83
2024-04-06,23-24,Luton,Bournemouth,2,1,H,3.65,4.11,1.93,3.82,4.07,1.92
2024-04-06,23-24,Wolves,West Ham,1,2,A,2.53,3.61,2.77,2.91,3.42,2.55
2024-04-06,23-24,Brighton,Arsenal,0,3,A,5.25,4.19,1.65,6.55,4.6,1.51
2024-04-07,23-24,Man United,Liverpool,2,2,D,4.75,4.84,1.61,5.0,4.85,1.6
2024-04-07,23-24,Sheffield United,Chelsea,2,2,D,6.77,5.35,1.42,6.69,5.28,1.44
2024-04-07,23-24,Tottenham,Nott'm Forest,3,1,H,1.39,5.46,7.33,1.42,5.5,6.9
2024-04-13,23-24,Newcastle,Tottenham,4,0,H,2.8,4.05,2.33,2.65,4.1,2.48
2024-04-13,23-24,Brentford,Sheffield United,2,0,H,1.43,5.22,6.68,1.49,5.03,6.25
2024-04-13,23-24,Burnley,Brighton,1,1,D,3.54,3.8,2.05,3.97,4.06,1.88
2024-04-13,23-24,Man City,Luton,5,1,H,1.09,13.24,24.14,1.08,13.5,26.0
2024-04-13,23-24,Nott'm Forest,Wolves,2,2,D,2.14,3.57,3.5,2.07,3.52,3.81
2024-04-13,23-24,Bournemouth,Man United,2,2,D,2.42,3.83,2.79,2.38,4.1,2.74
2024-04-14,23-24,Liverpool,Crystal Palace,0,1,A,1.19,7.62,14.15,1.18,8.5,14.5
2024-04-14,23-24,West Ham,Fulham,0,2,A,2.4,3.66,2.91,2.44,3.68,2.89
2024-04-14,23-24,Arsenal,Aston Villa,0,2,A,1.29,6.27,9.5,1.24,7.0,11.5
2024-04-15,23-24,Chelsea,Everton,6,0,H,1.73,4.16,4.57,1.67,4.25,5.1
2024-04-20,23-24,Luton,Brentford,1,5,A,3.28,3.76,2.16,2.92,3.54,2.48
2024-04-20,23-24,Sheffield United,Burnley,1,4,A,2.77,3.64,2.52,2.66,3.55,2.7
2024-04-20,23-24,Wolves,Arsenal,0,2,A,8.02,5.14,1.39,11.75,6.6,1.26
2024-04-21,23-24,Everton,Nott'm Forest,2,0,H,2.06,3.52,3.78,2.34,3.3,3.36
2024-04-21,23-24,Aston Villa,Bournemouth,3,1,H,1.87,4.17,3.83,1.87,4.11,4.03
2024-04-21,23-24,Crystal Palace,West Ham,5,2,H,2.12,3.66,3.45,2.23,3.55,3.36
2024-04-21,23-24,Fulham,Liverpool,1,3,A,5.14,4.66,1.59,4.65,4.5,1.68
2024-04-23,23-24,Arsenal,Chelsea,5,0,H,1.45,5.03,6.76,1.41,5.3,7.65
2024-04-24,23-24,Wolves,Bournemouth,0,1,A,2.74,3.53,2.6,2.81,3.67,2.5
2024-04-24,23-24,Crystal Palace,Newcastle,2,0,H,2.76,3.7,2.49,3.09,3.69,2.31
2024-04-24,23-24,Everton,Liverpool,2,0,H,7.49,5.0,1.42,7.65,5.35,1.4
2024-04-24,23-24,Man United,Sheffield United,4,2,H,1.32,6.28,8.27,1.32,6.3,8.59
2024-04-25,23-24,Brighton,Man City,0,4,A,6.84,4.9,1.45,7.9,5.85,1.36
2024-04-27,23-24,West Ham,Liverpool,2,2,D,5.84,5.03,1.5,5.35,4.95,1.56
2024-04-27,23-24,Fulham,Crystal Palace,1,1,D,2.14,3.63,3.43,2.11,3.45,3.78
2024-04-27,23-24,Man United,Burnley,1,1,D,1.53,5.01,5.35,1.5,5.29,5.72
2024-04-27,23-24,Newcastle,Sheffield United,5,1,H,1.24,7.18,10.5,1.2,7.87,12.52
2024-04-27,23-24,Wolves,Luton,2,1,H,1.98,3.9,3.65,1.93,3.85,3.96
2024-04-27,23-24,Everton,Brentford,1,0,H,2.34,3.54,3.09,3.0,3.44,2.48
2024-04-27,23-24,Aston Villa,Chelsea,2,2,D,2.14,4.04,3.13,2.05,4.08,3.43
2024-04-28,23-24,Bournemouth,Brighton,3,0,H,2.27,3.85,2.99,1.96,4.17,3.57
2024-04-28,23-24,Tottenham,Arsenal,2,3,A,4.19,4.07,1.81,4.35,4.21,1.78
2024-04-28,23-24,Nott'm Forest,Man City,0,2,A,10.15,5.89,1.3,11.0,6.2,1.29
2024-05-02,23-24,Chelsea,Tottenham,2,0,H,2.22,4.15,2.92,2.46,4.04,2.68
2024-05-03,23-24,Luton,Everton,1,1,D,2.71,3.52,2.63,2.78,3.7,2.52
2024-05-04,23-24,Arsenal,Bournemouth,3,0,H,1.2,7.76,12.56,1.21,7.25,14.0
2024-05-04,23-24,Brentford,Fulham,0,0,D,2.13,3.85,3.27,2.09,3.8,3.49
2024-05-04,23-24,Burnley,Newcastle,1,4,A,3.37,4.05,2.04,3.37,4.21,2.02
2024-05-04,23-24,Sheffield United,Nott'm Forest,1,3,A,4.57,4.31,1.71,5.08,4.27,1.67
2024-05-04,23-24,Man City,Wolves,5,1,H,1.09,13.16,25.65,1.1,13.5,24.0
2024-05-05,23-24,Brighton,Aston Villa,1,0,H,2.75,3.76,2.48,2.41,3.85,2.84
2024-05-05,23-24,Chelsea,West Ham,5,0,H,1.66,4.62,4.59,1.5,5.15,5.91
2024-05-05,23-24,Liverpool,Tottenham,4,2,H,1.48,5.3,5.73,1.42,5.9,6.4
2024-05-06,23-24,Crystal Palace,Man United,4,0,H,2.39,3.81,2.83,1.99,4.05,3.57
2024-05-11,23-24,Fulham,Man City,0,4,A,12.95,7.04,1.21,10.9,7.4,1.24
2024-05-11,23-24,Bournemouth,Brentford,1,2,A,1.96,4.07,3.57,2.16,3.88,3.25
2024-05-11,23-24,Everton,Sheffield United,1,0,H,1.4,5.3,7.47,1.44,5.07,7.03
2024-05-11,23-24,Newcastle,Brighton,1,1,D,1.59,4.93,4.84,1.6,4.84,5.01
2024-05-11,23-24,Tottenham,Burnley,2,1,H,1.35,6.16,7.27,1.31,6.53,8.32
2024-05-11,23-24,West Ham,Luton,3,1,H,1.82,4.53,3.78,1.88,4.27,3.77
2024-05-11,23-24,Wolves,Crystal Palace,1,3,A,2.9,3.49,2.49,3.31,3.63,2.22
2024-05-11,23-24,Nott'm Forest,Chelsea,2,3,A,3.44,3.93,2.04,4.04,3.98,1.88
2024-05-12,23-24,Man United,Arsenal,0,1,A,7.2,5.68,1.38,9.75,7.05,1.26
2024-05-13,23-24,Aston Villa,Liverpool,3,3,D,4.16,4.7,1.71,3.9,4.58,1.8
2024-05-14,23-24,Tottenham,Man City,0,2,A,7.15,6.3,1.36,6.6,6.35,1.38
2024-05-15,23-24,Brighton,Chelsea,1,2,A,3.42,3.97,2.04,3.2,4.22,2.09
2024-05-15,23-24,Man United,Newcastle,3,2,H,2.75,4.07,2.36,2.73,3.9,2.47
2024-05-19,23-24,Arsenal,Everton,2,1,H,1.17,8.37,15.6,1.22,7.16,13.07
2024-05-19,23-24,Brentford,Newcastle,2,4,A,2.97,4.0,2.21,2.99,4.05,2.24
2024-05-19,23-24,Brighton,Man United,0,2,A,2.18,4.09,2.98,2.66,4.03,2.48
2024-05-19,23-24,Burnley,Nott'm Forest,1,2,A,2.92,3.76,2.32,2.85,3.9,2.35
2024-05-19,23-24,Chelsea,Bournemouth,2,1,H,1.45,5.4,5.93,1.4,5.59,7.23
2024-05-19,23-24,Crystal Palace,Aston Villa,5,0,H,1.83,4.37,3.74,1.63,4.64,4.99
2024-05-19,23-24,Liverpool,Wolves,2,0,H,1.16,9.27,13.56,1.13,10.69,16.27
2024-05-19,23-24,Luton,Fulham,2,4,A,2.93,3.92,2.26,3.11,3.99,2.19
2024-05-19,23-24,Man City,West Ham,3,1,H,1.09,13.11,20.39,1.07,15.01,27.84
2024-05-19,23-24,Sheffield United,Tottenham,0,3,A,7.16,6.0,1.35,7.99,6.11,1.35
2024-08-16,24-25,Man United,Fulham,1,0,H,1.63,4.38,5.3,1.65,4.23,5.28
2024-08-17,24-25,Ipswich,Liverpool,0,2,A,8.18,5.84,1.34,8.14,6.09,1.34
2024-08-17,24-25,Arsenal,Wolves,2,0,H,1.16,8.56,16.22,1.15,9.05,18.76
2024-08-17,24-25,Everton,Brighton,0,3,A,2.73,3.36,2.71,3.15,3.41,2.4
2024-08-17,24-25,Newcastle,Southampton,1,0,H,1.35,5.7,8.25,1.42,5.3,7.26
2024-08-17,24-25,Nott'm Forest,Bournemouth,1,1,D,2.47,3.42,2.97,2.24,3.5,3.37
2024-08-17,24-25,West Ham,Aston Villa,1,2,A,2.49,3.65,2.8,2.54,3.51,2.86
2024-08-18,24-25,Brentford,Crystal Palace,2,1,H,2.5,3.4,2.95,2.92,3.24,2.66
2024-08-18,24-25,Chelsea,Man City,0,2,A,4.19,3.93,1.84,3.86,3.91,1.97
2024-08-19,24-25,Leicester,Tottenham,1,1,D,5.09,4.39,1.63,4.64,4.33,1.71
2024-08-24,24-25,Brighton,Man United,2,1,H,2.51,3.66,2.76,2.42,3.76,2.86
2024-08-24,24-25,Crystal Palace,West Ham,0,2,A,2.17,3.68,3.33,1.97,3.84,3.84
2024-08-24,24-25,Fulham,Leicester,2,1,H,1.84,3.67,4.56,1.88,3.81,4.26
2024-08-24,24-25,Man City,Ipswich,4,1,H,1.08,13.21,25.71,1.1,11.0,31.0
2024-08-24,24-25,Southampton,Nott'm Forest,0,1,A,2.59,3.28,2.92,2.33,3.54,3.11
2024-08-24,24-25,Tottenham,Everton,4,0,H,1.45,4.87,7.03,1.37,5.66,8.0
2024-08-24,24-25,Aston Villa,Arsenal,0,2,A,4.55,3.98,1.77,4.85,4.04,1.74
2024-08-25,24-25,Bournemouth,Newcastle,1,1,D,3.05,3.73,2.28,2.63,3.66,2.68
2024-08-25,24-25,Wolves,Chelsea,2,6,A,4.46,4.03,1.78,3.91,3.94,1.93
2024-08-25,24-25,Liverpool,Brentford,2,0,H,1.25,7.05,10.11,1.22,7.75,12.5
2024-08-31,24-25,Arsenal,Brighton,1,1,D,1.34,5.87,8.1,1.37,5.48,8.43
2024-08-31,24-25,Brentford,Southampton,3,1,H,1.79,3.9,4.51,1.82,3.91,4.46
2024-08-31,24-25,Everton,Bournemouth,2,3,A,2.82,3.38,2.62,3.14,3.45,2.39
2024-08-31,24-25,Ipswich,Fulham,1,1,D,3.14,3.53,2.32,3.07,3.43,2.43
2024-08-31,24-25,Leicester,Aston Villa,1,2,A,4.8,4.09,1.71,4.01,3.87,1.92
2024-08-31,24-25,Nott'm Forest,Wolves,1,1,D,2.02,3.7,3.71,2.0,3.7,3.88
2024-08-31,24-25,West Ham,Man City,1,3,A,7.69,5.64,1.37,7.7,5.25,1.41
2024-09-01,24-25,Chelsea,Crystal Palace,1,1,D,1.63,4.4,5.06,1.68,4.24,5.05
2024-09-01,24-25,Newcastle,Tottenham,2,1,H,2.5,3.96,2.62,2.53,3.89,2.66
2024-09-01,24-25,Man United,Liverpool,0,3,A,3.93,4.31,1.82,3.51,4.11,2.0
2024-09-14,24-25,Southampton,Man United,0,3,A,4.5,4.13,1.74,4.2,4.12,1.82
2024-09-14,24-25,Brighton,Ipswich,0,0,D,1.38,5.13,8.05,1.53,4.61,6.22
2024-09-14,24-25,Crystal Palace,Leicester,2,2,D,1.62,4.13,5.48,1.67,4.02,5.43
2024-09-14,24-25,Fulham,West Ham,1,1,D,2.4,3.53,2.97,2.36,3.41,3.21
2024-09-14,24-25,Liverpool,Nott'm Forest,0,1,A,1.21,7.23,12.71,1.22,7.11,12.95
2024-09-14,24-25,Man City,Brentford,2,1,H,1.17,8.43,14.62,1.21,7.2,13.92
2024-09-14,24-25,Aston Villa,Everton,3,2,H,1.51,4.45,6.48,1.68,4.0,5.44
2024-09-14,24-25,Bournemouth,Chelsea,0,1,A,3.32,3.97,2.06,3.17,3.79,2.23
2024-09-15,24-25,Tottenham,Arsenal,0,1,A,3.03,3.62,2.32,2.77,3.49,2.63
2024-09-15,24-25,Wolves,Newcastle,1,2,A,3.41,3.71,2.1,3.6,3.73,2.07
2024-09-21,24-25,West Ham,Chelsea,0,3,A,3.59,3.93,1.99,3.59,3.94,2.01
2024-09-21,24-25,Aston Villa,Wolves,3,1,H,1.59,4.47,5.44,1.67,4.21,5.16
2024-09-21,24-25,Fulham,Newcastle,3,1,H,2.89,3.54,2.47,3.02,3.57,2.41
2024-09-21,24-25,Leicester,Everton,1,1,D,2.54,3.43,2.88,2.1,3.52,3.69
2024-09-21,24-25,Liverpool,Bournemouth,3,0,H,1.28,6.36,9.45,1.25,6.85,10.91
2024-09-21,24-25,Southampton,Ipswich,1,1,D,2.27,3.5,3.24,2.42,3.48,3.06
2024-09-21,24-25,Tottenham,Brentford,3,1,H,1.55,4.77,5.48,1.48,5.1,6.23
2024-09-21,24-25,Crystal Palace,Man United,0,0,D,2.92,3.76,2.35,2.8,3.55,2.57
2024-09-22,24-25,Brighton,Nott'm Forest,2,2,D,1.79,3.91,4.51,1.84,3.82,4.45
2024-09-22,24-25,Man City,Arsenal,2,2,D,1.85,3.66,4.54,1.81,3.66,4.91
2024-09-28,24-25,Newcastle,Man City,1,1,D,5.18,4.54,1.6,4.9,4.23,1.69
2024-09-28,24-25,Arsenal,Leicester,4,2,H,1.18,8.27,14.09,1.2,6.8,17.5
2024-09-28,24-25,Brentford,West Ham,1,1,D,2.23,3.63,3.22,2.26,3.56,3.27
2024-09-28,24-25,Chelsea,Brighton,4,2,H,1.75,4.3,4.32,1.81,4.2,4.15
2024-09-28,24-25,Everton,Crystal Palace,2,1,H,2.76,3.35,2.69,2.79,3.35,2.7
2024-09-28,24-25,Nott'm Forest,Fulham,0,1,A,2.49,3.32,3.03,2.65,3.16,3.0
2024-09-28,24-25,Wolves,Liverpool,1,2,A,8.09,5.63,1.36,8.72,5.95,1.33
2024-09-29,24-25,Ipswich,Aston Villa,2,2,D,4.34,3.77,1.85,3.64,3.59,2.1
2024-09-29,24-25,Man United,Tottenham,0,3,A,2.42,3.9,2.75,2.12,3.89,3.27
2024-09-30,24-25,Bournemouth,Southampton,3,1,H,1.65,4.37,5.01,1.49,4.69,6.79
2024-10-05,24-25,Crystal Palace,Liverpool,0,1,A,6.38,4.71,1.5,5.14,4.1,1.69
2024-10-05,24-25,Arsenal,Southampton,3,1,H,1.13,9.46,19.13,1.16,8.18,18.71
2024-10-05,24-25,Brentford,Wolves,5,3,H,2.14,3.62,3.44,2.11,3.61,3.6
2024-10-05,24-25,Leicester,Bournemouth,1,0,H,3.35,3.63,2.17,3.7,3.81,2.02
2024-10-05,24-25,Man City,Fulham,3,2,H,1.23,7.15,10.66,1.26,6.52,11.37
2024-10-05,24-25,West Ham,Ipswich,4,1,H,1.81,4.02,4.29,1.92,3.84,4.05
2024-10-05,24-25,Everton,Newcastle,0,0,D,3.18,3.59,2.27,3.71,3.77,2.0
2024-10-06,24-25,Aston Villa,Man United,0,0,D,2.22,3.87,3.09,2.23,3.84,3.13
2024-10-06,24-25,Chelsea,Nott'm Forest,1,1,D,1.5,4.81,6.2,1.52,4.7,6.34
2024-10-06,24-25,Brighton,Tottenham,3,2,H,2.95,3.99,2.25,2.94,3.95,2.3
2024-10-19,24-25,Tottenham,West Ham,4,1,H,1.5,5.01,5.88,1.45,5.45,6.25
2024-10-19,24-25,Fulham,Aston Villa,1,3,A,2.46,3.5,2.94,2.48,3.46,2.98
2024-10-19,24-25,Ipswich,Everton,0,2,A,2.4,3.43,3.07,2.44,3.43,3.06
2024-10-19,24-25,Man United,Brentford,2,1,H,1.72,4.37,4.43,1.67,4.41,4.92
2024-10-19,24-25,Newcastle,Brighton,0,1,A,2.01,3.91,3.55,1.75,4.08,4.67
2024-10-19,24-25,Southampton,Leicester,2,3,A,2.34,3.53,3.09,2.23,3.5,3.41
2024-10-19,24-25,Bournemouth,Arsenal,2,0,H,5.01,4.13,1.68,5.17,3.71,1.76
2024-10-20,24-25,Wolves,Man City,1,2,A,9.01,5.92,1.32,8.08,5.46,1.38
2024-10-20,24-25,Liverpool,Chelsea,2,1,H,1.62,4.47,5.08,1.72,4.4,4.55
2024-10-21,24-25,Nott'm Forest,Crystal Palace,1,0,H,2.41,3.28,3.19,2.38,3.3,3.29
2024-10-25,24-25,Leicester,Nott'm Forest,1,3,A,3.14,3.35,2.43,3.07,3.4,2.46
2024-10-26,24-25,Aston Villa,Bournemouth,1,1,D,1.86,4.0,4.03,1.79,3.97,4.54
2024-10-26,24-25,Brentford,Ipswich,4,3,H,1.65,4.35,4.94,1.68,4.16,5.19
2024-10-26,24-25,Brighton,Wolves,2,2,D,1.66,4.34,4.9,1.58,4.41,5.79
2024-10-26,24-25,Man City,Southampton,1,0,H,1.1,11.9,20.73,1.12,10.5,23.0
2024-10-26,24-25,Everton,Fulham,1,1,D,2.8,3.38,2.63,2.71,3.36,2.73
2024-10-27,24-25,Chelsea,Newcastle,2,1,H,1.75,4.35,4.28,1.82,4.03,4.29
2024-10-27,24-25,Crystal Palace,Tottenham,1,0,H,4.05,3.98,1.86,3.78,3.97,1.95
2024-10-27,24-25,West Ham,Man United,2,1,H,2.94,3.73,2.35,3.39,3.72,2.15
2024-10-27,24-25,Arsenal,Liverpool,2,2,D,2.54,3.4,2.9,2.27,3.46,3.35
2024-11-02,24-25,Newcastle,Arsenal,1,0,H,3.85,3.69,1.99,4.03,3.69,1.96
2024-11-02,24-25,Bournemouth,Man City,2,1,H,5.29,4.48,1.6,6.11,4.42,1.56
2024-11-02,24-25,Ipswich,Leicester,1,1,D,2.28,3.63,3.13,2.36,3.54,3.09
2024-11-02,24-25,Liverpool,Brighton,2,1,H,1.39,5.54,7.11,1.36,5.79,7.93
2024-11-02,24-25,Nott'm Forest,West Ham,3,0,H,2.15,3.51,3.53,2.05,3.46,3.95
2024-11-02,24-25,Southampton,Everton,1,0,H,2.7,3.45,2.69,2.72,3.31,2.8
2024-11-02,24-25,Wolves,Crystal Palace,2,2,D,2.55,3.34,2.92,2.44,3.34,3.13
2024-11-03,24-25,Tottenham,Aston Villa,4,1,H,1.97,4.07,3.55,1.99,4.04,3.59
2024-11-03,24-25,Man United,Chelsea,1,1,D,2.61,3.81,2.58,2.72,3.65,2.59
2024-11-04,24-25,Fulham,Brentford,2,1,H,2.04,3.73,3.61,2.02,3.76,3.73
2024-11-09,24-25,Brentford,Bournemouth,3,2,H,2.59,3.56,2.73,2.64,3.53,2.74
2024-11-09,24-25,Crystal Palace,Fulham,0,2,A,2.79,3.44,2.6,3.37,3.3,2.34
2024-11-09,24-25,West Ham,Everton,0,0,D,2.2,3.55,3.37,2.17,3.53,3.52
2024-11-09,24-25,Wolves,Southampton,2,0,H,1.99,3.84,3.7,1.95,3.75,4.01
2024-11-09,24-25,Brighton,Man City,2,1,H,4.49,4.18,1.74,4.1,4.15,1.83
2024-11-09,24-25,Liverpool,Aston Villa,2,0,H,1.42,5.45,6.7,1.47,4.9,7.0
2024-11-10,24-25,Man United,Leicester,3,0,H,1.39,5.34,7.62,1.35,5.62,8.93
2024-11-10,24-25,Nott'm Forest,Newcastle,1,3,A,2.71,3.29,2.78,2.81,3.3,2.72
2024-11-10,24-25,Tottenham,Ipswich,1,2,A,1.25,6.95,9.87,1.26,6.72,10.66
2024-11-10,24-25,Chelsea,Arsenal,1,1,D,2.75,3.53,2.59,3.0,3.35,2.52
2024-11-23,24-25,Leicester,Chelsea,1,2,A,7.05,4.78,1.46,7.0,5.05,1.45
2024-11-23,24-25,Arsenal,Nott'm Forest,3,0,H,1.38,5.03,8.73,1.41,4.8,8.86
2024-11-23,24-25,Aston Villa,Crystal Palace,2,2,D,1.63,4.06,5.59,1.75,3.84,5.01
2024-11-23,24-25,Bournemouth,Brighton,1,2,A,2.42,3.62,2.91,2.49,3.6,2.88
2024-11-23,24-25,Everton,Brentford,0,0,D,2.5,3.38,2.97,2.38,3.42,3.18
2024-11-23,24-25,Fulham,Wolves,1,4,A,1.64,4.11,5.43,1.57,4.43,5.91
2024-11-23,24-25,Man City,Tottenham,0,4,A,1.48,4.98,6.13,1.44,5.28,6.71
2024-11-24,24-25,Southampton,Liverpool,2,3,A,10.83,5.79,1.28,10.0,5.95,1.31
2024-11-24,24-25,Ipswich,Man United,1,1,D,5.24,4.25,1.64,5.15,4.16,1.68
2024-11-25,24-25,Newcastle,West Ham,0,2,A,1.5,4.58,6.49,1.5,4.71,6.64
2024-11-29,24-25,Brighton,Southampton,1,1,D,1.39,5.33,7.66,1.38,5.68,7.25
2024-11-30,24-25,Brentford,Leicester,4,1,H,1.65,4.33,4.98,1.63,4.36,5.38
2024-11-30,24-25,Crystal Palace,Newcastle,1,1,D,3.16,3.52,2.31,3.3,3.53,2.27
2024-11-30,24-25,Nott'm Forest,Ipswich,1,0,H,1.78,3.75,4.85,1.74,3.98,4.94
2024-11-30,24-25,Wolves,Bournemouth,2,4,A,2.86,3.6,2.46,2.75,3.48,2.66
2024-11-30,24-25,West Ham,Arsenal,2,5,A,7.07,4.76,1.46,7.34,4.89,1.45
2024-12-01,24-25,Chelsea,Aston Villa,3,0,H,1.7,4.3,4.6,1.75,4.07,4.69
2024-12-01,24-25,Man United,Everton,4,0,H,1.55,4.36,6.17,1.62,4.07,5.98
2024-12-01,24-25,Tottenham,Fulham,1,1,D,1.75,4.35,4.28,1.98,4.06,3.61
2024-12-01,24-25,Liverpool,Man City,2,0,H,2.08,3.76,3.48,2.06,3.76,3.6
2024-12-03,24-25,Ipswich,Crystal Palace,0,1,A,3.15,3.41,2.39,3.35,3.39,2.3
2024-12-03,24-25,Leicester,West Ham,3,1,H,2.95,3.43,2.52,3.04,3.5,2.43
2024-12-04,24-25,Everton,Wolves,4,0,H,2.16,3.4,3.62,2.14,3.36,3.8
2024-12-04,24-25,Man City,Nott'm Forest,3,0,H,1.36,5.41,8.26,1.31,5.88,10.02
2024-12-04,24-25,Newcastle,Liverpool,3,3,D,4.29,4.04,1.8,3.68,3.74,2.04
2024-12-04,24-25,Southampton,Chelsea,1,5,A,8.92,5.79,1.33,9.07,5.95,1.33
2024-12-04,24-25,Arsenal,Man United,2,0,H,1.45,4.87,7.03,1.48,4.89,6.64
2024-12-04,24-25,Aston Villa,Brentford,3,1,H,1.8,3.91,4.44,1.68,4.23,5.06
2024-12-05,24-25,Fulham,Brighton,3,1,H,2.37,3.69,2.94,2.64,3.65,2.7
2024-12-05,24-25,Bournemouth,Tottenham,1,0,H,2.67,3.92,2.47,2.21,3.97,3.06
2024-12-07,24-25,Aston Villa,Southampton,1,0,H,1.37,5.48,7.77,1.33,5.79,9.42
2024-12-07,24-25,Brentford,Newcastle,4,2,H,2.88,3.75,2.38,3.02,3.74,2.33
2024-12-07,24-25,Crystal Palace,Man City,2,2,D,5.38,4.39,1.6,4.69,4.04,1.76
2024-12-07,24-25,Man United,Nott'm Forest,2,3,A,1.68,4.05,5.18,1.69,3.98,5.33
2024-12-08,24-25,Fulham,Arsenal,1,1,D,5.33,4.22,1.63,5.5,4.2,1.64
2024-12-08,24-25,Ipswich,Bournemouth,1,2,A,3.68,3.76,2.01,3.92,3.82,1.95
2024-12-08,24-25,Leicester,Brighton,2,2,D,4.69,4.07,1.73,4.98,4.27,1.68
2024-12-08,24-25,Tottenham,Chelsea,3,4,A,3.23,4.13,2.07,2.93,4.1,2.25
2024-12-09,24-25,West Ham,Wolves,2,1,H,1.95,3.88,3.76,1.82,3.99,4.37
2024-12-14,24-25,Arsenal,Everton,0,0,D,1.23,6.63,12.95,1.25,6.5,13.0
2024-12-14,24-25,Liverpool,Fulham,2,2,D,1.32,6.04,8.88,1.29,6.13,9.62
2024-12-14,24-25,Newcastle,Leicester,4,0,H,1.3,6.02,8.95,1.29,6.29,9.49
2024-12-14,24-25,Wolves,Ipswich,1,2,A,1.91,3.91,3.93,2.0,3.65,3.93
2024-12-14,24-25,Nott'm Forest,Aston Villa,2,1,H,2.67,3.38,2.76,2.73,3.28,2.81
2024-12-15,24-25,Brighton,Crystal Palace,1,3,A,1.9,3.89,3.97,1.92,3.73,4.14
2024-12-15,24-25,Man City,Man United,1,2,A,1.6,4.65,5.07,1.53,4.9,5.85
2024-12-15,24-25,Chelsea,Brentford,2,1,H,1.33,6.05,8.44,1.32,6.3,8.25
2024-12-15,24-25,Southampton,Tottenham,0,5,A,4.47,4.51,1.69,4.04,4.49,1.79
2024-12-16,24-25,Bournemouth,West Ham,1,1,D,1.72,4.27,4.49,1.78,4.13,4.42
2024-12-21,24-25,Aston Villa,Man City,2,1,H,3.3,3.79,2.14,3.21,3.7,2.24
2024-12-21,24-25,Brentford,Nott'm Forest,0,2,A,2.39,3.47,3.07,2.53,3.66,2.78
2024-12-21,24-25,Ipswich,Newcastle,0,4,A,4.69,4.02,1.74,4.6,4.24,1.73
2024-12-21,24-25,West Ham,Brighton,1,1,D,2.8,3.83,2.41,2.83,3.68,2.48
2024-12-21,24-25,Crystal Palace,Arsenal,1,5,A,6.75,4.17,1.54,7.6,4.6,1.47
2024-12-22,24-25,Everton,Chelsea,0,0,D,5.48,4.09,1.64,5.01,4.11,1.69
2024-12-22,24-25,Fulham,Southampton,0,0,D,1.42,5.06,7.35,1.68,4.15,5.88
2024-12-22,24-25,Leicester,Wolves,0,3,A,2.63,3.58,2.68,3.05,3.51,2.41
2024-12-22,24-25,Man United,Bournemouth,0,3,A,1.86,3.87,4.16,1.88,3.8,4.25
2024-12-22,24-25,Tottenham,Liverpool,3,6,A,4.47,4.37,1.71,4.9,4.55,1.65
2024-12-26,24-25,Man City,Everton,1,1,D,1.34,5.73,8.52,1.36,5.5,9.0
2024-12-26,24-25,Bournemouth,Crystal Palace,0,0,D,1.92,3.85,3.94,2.13,3.66,3.5
2024-12-26,24-25,Chelsea,Fulham,1,2,A,1.47,4.98,6.32,1.46,4.94,6.86
2024-12-26,24-25,Newcastle,Aston Villa,3,0,H,1.94,4.02,3.69,1.94,3.87,3.89
2024-12-26,24-25,Nott'm Forest,Tottenham,1,0,H,2.37,3.81,2.87,2.16,3.92,3.22
2024-12-26,24-25,Southampton,West Ham,0,1,A,3.28,3.62,2.21,3.12,3.63,2.31
2024-12-26,24-25,Wolves,Man United,2,0,H,3.95,3.74,1.94,4.44,4.01,1.8
2024-12-26,24-25,Liverpool,Leicester,3,1,H,1.08,13.84,24.96,1.09,12.25,27.0
2024-12-27,24-25,Brighton,Brentford,0,0,D,1.64,4.54,4.96,1.63,4.6,5.05
2024-12-27,24-25,Arsenal,Ipswich,1,0,H,1.15,8.67,20.05,1.13,9.25,23.5
2024-12-29,24-25,Leicester,Man City,0,2,A,8.42,5.9,1.33,10.25,6.42,1.27
2024-12-29,24-25,Crystal Palace,Southampton,2,1,H,1.64,4.13,5.4,1.53,4.45,6.43
2024-12-29,24-25,Everton,Nott'm Forest,0,2,A,2.69,3.18,2.88,2.71,3.07,3.0
2024-12-29,24-25,Fulham,Bournemouth,2,2,D,2.37,3.59,3.0,2.27,3.5,3.31
2024-12-29,24-25,Tottenham,Wolves,2,2,D,1.63,4.91,4.57,1.68,4.64,4.6
2024-12-29,24-25,West Ham,Liverpool,0,5,A,7.32,5.34,1.4,7.75,5.5,1.39
2024-12-30,24-25,Aston Villa,Brighton,2,2,D,1.99,3.91,3.62,1.86,3.89,4.25
2024-12-30,24-25,Ipswich,Chelsea,2,0,H,7.1,5.2,1.42,7.55,5.28,1.4
2024-12-30,24-25,Man United,Newcastle,0,2,A,2.72,3.68,2.54,2.71,3.6,2.58
2025-01-01,24-25,Brentford,Arsenal,1,3,A,6.98,4.93,1.44,6.0,4.5,1.56
2025-01-04,24-25,Tottenham,Newcastle,1,2,A,2.97,4.06,2.22,3.9,4.69,1.79
2025-01-04,24-25,Aston Villa,Leicester,2,1,H,1.32,5.64,9.41,1.34,5.69,8.32
2025-01-04,24-25,Bournemouth,Everton,1,0,H,1.75,3.91,4.82,1.7,3.97,5.23
2025-01-04,24-25,Crystal Palace,Chelsea,1,1,D,3.69,3.97,1.95,3.64,3.94,2.0
2025-01-04,24-25,Man City,West Ham,4,1,H,1.32,6.41,8.2,1.26,7.24,10.79
2025-01-04,24-25,Southampton,Brentford,0,5,A,2.95,3.59,2.41,3.44,3.65,2.16
2025-01-04,24-25,Brighton,Arsenal,1,1,D,4.62,3.7,1.82,4.93,3.68,1.8
2025-01-05,24-25,Fulham,Ipswich,2,2,D,1.56,4.46,5.71,1.59,4.2,6.15
2025-01-05,24-25,Liverpool,Man United,2,2,D,1.29,6.14,9.37,1.36,5.55,8.55
2025-01-06,24-25,Wolves,Nott'm Forest,0,3,A,3.44,3.22,2.31,4.01,3.54,2.01
2025-01-14,24-25,Brentford,Man City,2,2,D,4.9,4.56,1.65,5.18,4.51,1.61
2025-01-14,24-25,Chelsea,Bournemouth,2,2,D,1.5,4.96,6.17,1.54,4.8,5.71
2025-01-14,24-25,West Ham,Fulham,3,2,H,3.03,3.54,2.41,3.22,3.3,2.42
2025-01-14,24-25,Nott'm Forest,Liverpool,1,1,D,5.28,4.24,1.65,5.7,4.3,1.62
2025-01-15,24-25,Everton,Aston Villa,0,1,A,3.26,3.31,2.36,3.55,3.13,2.35
2025-01-15,24-25,Leicester,Crystal Palace,0,2,A,4.01,3.76,1.93,4.07,3.63,1.97
2025-01-15,24-25,Newcastle,Wolves,3,0,H,1.36,5.73,7.91,1.37,5.4,8.5
2025-01-15,24-25,Arsenal,Tottenham,2,1,H,1.4,5.54,6.88,1.38,5.35,8.2
2025-01-16,24-25,Ipswich,Brighton,0,2,A,3.84,3.78,1.96,3.94,3.75,1.97
2025-01-16,24-25,Man United,Southampton,3,1,H,1.31,5.97,9.23,1.29,6.1,11.0
2025-01-18,24-25,Newcastle,Bournemouth,1,4,A,1.65,4.33,4.99,1.66,4.25,5.2
2025-01-18,24-25,Brentford,Liverpool,0,2,A,6.49,5.33,1.43,6.33,5.0,1.49
2025-01-18,24-25,Leicester,Fulham,0,2,A,4.38,3.91,1.81,4.65,3.79,1.81
2025-01-18,24-25,West Ham,Crystal Palace,0,2,A,2.65,3.49,2.7,2.86,3.32,2.66
2025-01-18,24-25,Arsenal,Aston Villa,2,2,D,1.53,4.4,6.38,1.57,4.35,6.1
2025-01-19,24-25,Everton,Tottenham,3,2,H,2.97,3.45,2.46,2.56,3.51,2.85
2025-01-19,24-25,Man United,Brighton,1,3,A,2.11,3.77,3.39,2.34,3.45,3.25
2025-01-19,24-25,Nott'm Forest,Southampton,3,2,H,1.4,4.92,8.27,1.37,5.15,9.23
2025-01-19,24-25,Ipswich,Man City,0,6,A,7.76,5.51,1.37,8.5,5.5,1.37
2025-01-20,24-25,Chelsea,Wolves,3,1,H,1.38,5.69,7.16,1.44,5.25,6.8
2025-01-25,24-25,Bournemouth,Nott'm Forest,5,0,H,2.11,3.7,3.45,1.97,3.73,3.94
2025-01-25,24-25,Brighton,Everton,0,1,A,1.68,3.83,5.5,1.74,3.69,5.42
2025-01-25,24-25,Liverpool,Ipswich,4,1,H,1.1,11.75,21.77,1.1,12.25,24.5
2025-01-25,24-25,Southampton,Newcastle,1,3,A,7.05,5.17,1.42,6.62,5.04,1.47
2025-01-25,24-25,Wolves,Arsenal,0,1,A,6.86,4.74,1.47,5.93,4.15,1.61
2025-01-25,24-25,Man City,Chelsea,3,1,H,2.03,4.09,3.36,2.39,3.89,2.85
2025-01-26,24-25,Crystal Palace,Brentford,1,2,A,2.06,3.7,3.59,1.97,3.8,3.84
2025-01-26,24-25,Tottenham,Leicester,1,2,A,1.46,5.37,5.94,1.51,5.05,5.85
2025-01-26,24-25,Aston Villa,West Ham,1,1,D,1.55,4.46,5.99,1.47,4.9,6.9
2025-01-26,24-25,Fulham,Man United,0,1,A,2.32,3.48,3.18,2.4,3.55,3.03
2025-02-01,24-25,Nott'm Forest,Brighton,7,0,H,2.46,3.43,2.99,2.68,3.45,2.74
2025-02-01,24-25,Bournemouth,Liverpool,0,2,A,4.68,4.35,1.68,4.66,4.26,1.72
2025-02-01,24-25,Everton,Leicester,4,0,H,1.81,3.7,4.73,1.96,3.34,4.53
2025-02-01,24-25,Ipswich,Southampton,1,2,A,2.0,3.71,3.78,1.91,3.75,4.18
2025-02-01,24-25,Newcastle,Fulham,1,2,A,1.71,4.14,4.74,1.77,3.82,4.91
2025-02-01,24-25,Wolves,Aston Villa,2,0,H,3.43,3.56,2.17,3.32,3.48,2.28
2025-02-02,24-25,Brentford,Tottenham,0,2,A,2.12,3.88,3.11,1.97,4.21,3.51
2025-02-02,24-25,Man United,Crystal Palace,0,2,A,1.98,3.49,3.83,1.78,3.73,4.97
2025-02-02,24-25,Arsenal,Man City,5,1,H,1.93,3.63,3.85,1.91,4.17,3.77
2025-02-03,24-25,Chelsea,West Ham,2,1,H,1.36,5.92,7.51,1.29,6.55,9.45
2025-02-12,24-25,Everton,Liverpool,2,2,D,7.36,4.73,1.45,7.9,4.65,1.45
2025-02-14,24-25,Brighton,Chelsea,3,0,H,2.92,3.65,2.43,2.95,3.78,2.36
2025-02-15,24-25,Leicester,Arsenal,0,2,A,9.47,5.42,1.34,10.15,5.52,1.33
2025-02-15,24-25,Aston Villa,Ipswich,1,1,D,1.41,5.02,7.6,1.44,4.99,7.41
2025-02-15,24-25,Fulham,Nott'm Forest,2,1,H,2.23,3.38,3.47,2.12,3.55,3.63
2025-02-15,24-25,Man City,Newcastle,4,0,H,1.99,4.09,3.49,2.09,4.07,3.29
2025-02-15,24-25,Southampton,Bournemouth,1,3,A,6.01,4.65,1.52,6.32,4.79,1.51
2025-02-15,24-25,West Ham,Brentford,0,1,A,2.43,3.71,2.83,2.4,3.71,2.93
2025-02-15,24-25,Crystal Palace,Everton,1,2,A,1.79,3.5,5.17,2.0,3.25,4.53
2025-02-16,24-25,Liverpool,Wolves,2,1,H,1.19,8.22,12.7,1.23,7.1,12.75
2025-02-16,24-25,Tottenham,Man United,1,0,H,2.46,3.84,2.73,2.21,3.9,3.13
2025-02-19,24-25,Aston Villa,Liverpool,2,2,D,4.02,4.09,1.85,3.97,4.04,1.88
2025-02-21,24-25,Leicester,Brentford,0,4,A,3.79,3.87,1.97,3.74,3.86,1.99
2025-02-22,24-25,Everton,Man United,2,2,D,2.58,3.23,2.98,2.67,3.15,2.97
2025-02-22,24-25,Arsenal,West Ham,0,1,A,1.25,6.42,11.04,1.29,5.82,12.73
2025-02-22,24-25,Bournemouth,Wolves,0,1,A,1.57,4.52,5.58,1.66,4.21,5.27
2025-02-22,24-25,Fulham,Crystal Palace,0,2,A,2.04,3.52,3.84,2.1,3.49,3.77
2025-02-22,24-25,Ipswich,Tottenham,1,4,A,3.92,3.96,1.89,3.42,3.85,2.1
2025-02-22,24-25,Southampton,Brighton,0,4,A,5.56,4.53,1.57,5.83,4.51,1.57
2025-02-22,24-25,Aston Villa,Chelsea,2,1,H,2.62,3.78,2.58,2.68,3.61,2.65
2025-02-23,24-25,Newcastle,Nott'm Forest,4,3,H,1.84,4.03,4.1,1.92,3.88,4.01
2025-02-23,24-25,Man City,Liverpool,0,2,A,2.95,3.97,2.26,3.24,3.87,2.21
2025-02-25,24-25,Brighton,Bournemouth,2,1,H,2.06,3.84,3.53,2.01,3.92,3.63
2025-02-25,24-25,Crystal Palace,Aston Villa,4,1,H,2.57,3.42,2.89,2.27,3.55,3.26
2025-02-25,24-25,Wolves,Fulham,1,2,A,2.74,3.36,2.74,2.42,3.31,3.2
2025-02-25,24-25,Chelsea,Southampton,4,0,H,1.17,8.97,14.66,1.18,8.25,16.0
2025-02-26,24-25,Brentford,Everton,1,1,D,2.03,3.75,3.64,2.03,3.68,3.8
2025-02-26,24-25,Man United,Ipswich,3,2,H,1.53,4.69,5.8,1.52,4.52,6.65
2025-02-26,24-25,Nott'm Forest,Arsenal,0,0,D,4.02,3.51,1.99,4.37,3.45,1.96
2025-02-26,24-25,Tottenham,Man City,0,1,A,3.23,4.15,2.07,3.96,4.19,1.85
2025-02-26,24-25,Liverpool,Newcastle,2,0,H,1.53,4.86,5.67,1.37,5.65,8.0
2025-02-27,24-25,West Ham,Leicester,2,0,H,1.63,4.21,5.34,1.79,3.79,4.83
2025-03-08,24-25,Nott'm Forest,Man City,1,0,H,3.93,3.95,1.89,3.91,3.87,1.94
2025-03-08,24-25,Brighton,Fulham,2,1,H,2.0,3.64,3.86,2.01,3.55,4.0
2025-03-08,24-25,Crystal Palace,Ipswich,1,0,H,1.5,4.56,6.67,1.57,4.21,6.39
2025-03-08,24-25,Liverpool,Southampton,3,1,H,1.12,10.6,18.75,1.11,11.5,26.0
2025-03-08,24-25,Brentford,Aston Villa,0,1,A,2.27,3.82,3.01,2.15,3.96,3.21
2025-03-08,24-25,Wolves,Everton,1,1,D,2.68,3.15,2.92,2.88,3.0,2.88
2025-03-09,24-25,Chelsea,Leicester,1,0,H,1.2,8.05,11.42,1.24,6.85,13.0
2025-03-09,24-25,Tottenham,Bournemouth,2,2,D,2.73,3.95,2.42,2.86,3.83,2.4
2025-03-09,24-25,Man United,Arsenal,1,1,D,5.61,3.65,1.71,5.05,3.72,1.78
2025-03-10,24-25,West Ham,Newcastle,0,1,A,3.3,3.62,2.2,3.39,3.55,2.22
2025-03-15,24-25,Everton,West Ham,1,1,D,2.11,3.3,3.9,2.12,3.31,3.92
2025-03-15,24-25,Ipswich,Nott'm Forest,2,4,A,3.88,3.64,1.99,3.99,3.58,2.0
2025-03-15,24-25,Man City,Brighton,2,2,D,1.67,4.55,4.62,1.83,3.99,4.3
2025-03-15,24-25,Southampton,Wolves,1,2,A,3.67,3.56,2.08,3.97,3.43,2.07
2025-03-15,24-25,Bournemouth,Brentford,1,2,A,1.77,4.21,4.29,1.76,4.35,4.32
2025-03-16,24-25,Arsenal,Chelsea,1,0,H,1.81,3.78,4.55,1.73,3.74,5.39
2025-03-16,24-25,Fulham,Tottenham,2,0,H,2.03,3.88,3.53,1.85,4.1,4.08
2025-03-16,24-25,Leicester,Man United,0,3,A,4.21,3.86,1.85,4.56,3.82,1.83
2025-04-01,24-25,Arsenal,Fulham,2,1,H,1.5,4.21,7.79,1.51,4.3,7.6
2025-04-01,24-25,Wolves,West Ham,1,0,H,2.62,3.25,2.96,2.39,3.29,3.27
2025-04-01,24-25,Nott'm Forest,Man United,1,0,H,2.36,3.44,3.19,2.35,3.46,3.19
2025-04-02,24-25,Bournemouth,Ipswich,1,2,A,1.39,5.33,7.75,1.4,5.4,7.52
2025-04-02,24-25,Brighton,Aston Villa,0,3,A,2.11,3.85,3.33,2.38,3.5,3.11
2025-04-02,24-25,Man City,Leicester,2,0,H,1.2,8.18,11.84,1.2,8.0,13.5
2025-04-02,24-25,Newcastle,Brentford,2,1,H,1.74,4.34,4.31,1.7,4.29,4.69
2025-04-02,24-25,Southampton,Crystal Palace,1,1,D,5.72,4.05,1.63,5.72,4.13,1.63
2025-04-02,24-25,Liverpool,Everton,1,0,H,1.36,5.19,9.2,1.5,4.41,7.31
2025-04-03,24-25,Chelsea,Tottenham,1,0,H,1.66,4.58,4.59,1.67,4.46,4.83
2025-04-05,24-25,Everton,Arsenal,1,1,D,5.3,3.39,1.81,4.19,3.19,2.1
2025-04-05,24-25,Crystal Palace,Brighton,2,1,H,2.5,3.46,2.9,2.58,3.4,2.89
2025-04-05,24-25,Ipswich,Wolves,1,2,A,2.78,3.3,2.71,2.85,3.27,2.7
2025-04-05,24-25,West Ham,Bournemouth,2,2,D,3.03,3.53,2.38,3.04,3.55,2.4
2025-04-05,24-25,Aston Villa,Nott'm Forest,2,1,H,2.0,3.69,3.8,2.15,3.45,3.66
2025-04-06,24-25,Brentford,Chelsea,0,0,D,3.26,3.8,2.16,2.94,3.65,2.42
2025-04-06,24-25,Fulham,Liverpool,3,2,H,4.27,3.75,1.87,4.29,3.55,1.94
2025-04-06,24-25,Tottenham,Southampton,3,1,H,1.39,5.42,7.33,1.37,5.64,7.87
2025-04-06,24-25,Man United,Man City,0,0,D,3.39,3.66,2.15,3.48,3.75,2.11
2025-04-07,24-25,Leicester,Newcastle,0,3,A,6.61,4.47,1.51,7.45,4.85,1.45
2025-04-12,24-25,Man City,Crystal Palace,5,2,H,1.5,4.81,6.12,1.64,4.35,5.3
2025-04-12,24-25,Brighton,Leicester,2,2,D,1.27,5.96,10.93,1.29,5.95,10.93
2025-04-12,24-25,Nott'm Forest,Everton,0,1,A,2.13,3.38,3.72,1.99,3.38,4.35
2025-04-12,24-25,Southampton,Aston Villa,0,3,A,5.75,4.49,1.56,6.23,4.64,1.53
2025-04-12,24-25,Arsenal,Brentford,1,1,D,1.63,4.17,5.42,1.62,4.24,5.66
2025-04-13,24-25,Chelsea,Ipswich,2,2,D,1.25,6.84,10.14,1.21,7.43,13.76
2025-04-13,24-25,Liverpool,West Ham,2,1,H,1.3,6.09,9.78,1.28,6.12,10.75
2025-04-13,24-25,Wolves,Tottenham,4,2,H,2.25,3.57,3.23,2.29,3.63,3.16
2025-04-13,24-25,Newcastle,Man United,4,1,H,1.66,4.29,4.97,1.62,4.35,5.45
2025-04-14,24-25,Bournemouth,Fulham,1,0,H,2.16,3.62,3.39,2.24,3.45,3.43
2025-04-16,24-25,Newcastle,Crystal Palace,5,0,H,1.72,4.01,4.84,1.68,3.99,5.24
2025-04-19,24-25,Brentford,Brighton,4,2,H,2.56,3.59,2.75,2.7,3.66,2.6
2025-04-19,24-25,Crystal Palace,Bournemouth,0,0,D,2.59,3.61,2.71,2.59,3.54,2.79
2025-04-19,24-25,Everton,Man City,0,2,A,3.79,3.74,1.99,4.13,3.73,1.93
2025-04-19,24-25,West Ham,Southampton,1,1,D,1.5,4.61,6.49,1.64,4.3,5.25
2025-04-19,24-25,Aston Villa,Newcastle,4,1,H,2.38,3.7,2.92,2.55,3.65,2.71
2025-04-20,24-25,Fulham,Chelsea,1,2,A,2.9,3.55,2.45,3.15,3.61,2.31
2025-04-20,24-25,Ipswich,Arsenal,0,4,A,7.87,4.95,1.41,8.93,5.22,1.37
2025-04-20,24-25,Man United,Wolves,0,1,A,2.01,3.63,3.82,2.6,3.5,2.8
2025-04-20,24-25,Leicester,Liverpool,0,1,A,11.65,6.96,1.23,13.5,7.25,1.22
2025-04-21,24-25,Tottenham,Nott'm Forest,1,2,A,2.52,3.78,2.69,2.4,3.55,3.06
2025-04-22,24-25,Man City,Aston Villa,2,1,H,1.87,4.09,4.0,1.91,4.06,3.96
2025-04-23,24-25,Arsenal,Crystal Palace,2,2,D,1.42,4.74,8.22,1.4,4.85,9.1
2025-04-26,24-25,Chelsea,Everton,1,0,H,1.58,4.17,6.05,1.44,4.95,7.5
2025-04-26,24-25,Brighton,West Ham,3,2,H,1.7,4.2,4.75,1.79,4.0,4.46
2025-04-26,24-25,Newcastle,Ipswich,3,0,H,1.18,8.02,14.29,1.17,8.5,17.5
2025-04-26,24-25,Southampton,Fulham,1,2,A,5.28,4.2,1.64,5.08,4.11,1.68
2025-04-26,24-25,Wolves,Leicester,3,0,H,1.52,4.45,6.49,1.55,4.46,6.03
2025-04-27,24-25,Bournemouth,Man United,1,1,D,1.68,4.21,4.86,1.98,3.93,3.72
2025-04-27,24-25,Liverpool,Tottenham,5,1,H,1.27,6.89,9.07,1.2,7.95,13.75
2025-05-01,24-25,Nott'm Forest,Brentford,0,2,A,2.2,3.58,3.34,2.35,3.61,3.22
2025-05-02,24-25,Man City,Wolves,1,0,H,1.41,5.27,7.55,1.33,5.6,9.75
2025-05-03,24-25,Aston Villa,Fulham,1,0,H,1.82,3.96,4.27,1.88,3.78,4.28
2025-05-03,24-25,Everton,Ipswich,2,2,D,1.47,4.53,7.28,1.57,4.3,6.09
2025-05-03,24-25,Leicester,Southampton,2,0,H,2.37,3.7,2.93,2.45,3.61,2.91
2025-05-03,24-25,Arsenal,Bournemouth,1,2,A,2.07,3.63,3.62,1.68,4.05,5.25
2025-05-04,24-25,Brentford,Man United,4,3,H,1.7,4.23,4.7,1.65,4.34,4.96
2025-05-04,24-25,Brighton,Newcastle,1,1,D,2.92,3.82,2.33,3.13,3.75,2.26
2025-05-04,24-25,West Ham,Tottenham,1,1,D,2.08,3.73,3.5,1.85,3.95,4.22
2025-05-04,24-25,Chelsea,Liverpool,3,1,H,2.19,3.78,3.21,2.34,3.84,2.95
2025-05-05,24-25,Crystal Palace,Nott'm Forest,1,1,D,2.31,3.44,3.23,2.19,3.5,3.5
2025-05-10,24-25,Fulham,Everton,1,3,A,1.88,3.57,4.45,1.77,3.75,4.94
2025-05-10,24-25,Ipswich,Brentford,0,1,A,5.1,4.21,1.66,5.83,4.84,1.52
2025-05-10,24-25,Southampton,Man City,0,0,D,14.01,7.65,1.19,15.0,8.0,1.19
2025-05-10,24-25,Wolves,Brighton,0,2,A,2.76,3.47,2.61,3.08,3.39,2.45
2025-05-10,24-25,Bournemouth,Aston Villa,0,1,A,2.46,3.75,2.78,2.62,3.58,2.73
2025-05-11,24-25,Newcastle,Chelsea,2,0,H,2.15,3.78,3.28,2.29,3.73,3.1
2025-05-11,24-25,Man United,West Ham,0,2,A,1.93,3.78,3.95,2.02,3.68,3.74
2025-05-11,24-25,Nott'm Forest,Leicester,2,2,D,1.34,5.56,8.99,1.39,5.19,7.91
2025-05-11,24-25,Tottenham,Crystal Palace,0,2,A,2.69,3.74,2.54,3.13,3.74,2.26
2025-05-11,24-25,Liverpool,Arsenal,2,2,D,2.08,3.54,3.71,2.24,3.68,3.22
2025-05-16,24-25,Aston Villa,Tottenham,2,0,H,1.33,6.02,8.61,1.26,7.0,11.0
2025-05-16,24-25,Chelsea,Man United,1,0,H,1.47,4.89,6.68,1.56,4.7,5.75
2025-05-18,24-25,Everton,Southampton,2,0,H,1.4,4.9,8.19,1.43,4.95,7.6
2025-05-18,24-25,West Ham,Nott'm Forest,1,2,A,2.84,3.43,2.56,3.05,3.44,2.44
2025-05-18,24-25,Brentford,Fulham,2,3,A,1.96,3.95,3.68,2.07,3.79,3.56
2025-05-18,24-25,Leicester,Ipswich,2,0,H,2.37,3.65,2.97,2.27,3.77,3.11
2025-05-18,24-25,Arsenal,Newcastle,1,0,H,2.03,3.58,3.83,1.94,3.79,3.98
2025-05-19,24-25,Brighton,Liverpool,3,2,H,2.69,3.83,2.49,2.2,3.99,3.09
2025-05-20,24-25,Crystal Palace,Wolves,4,2,H,2.29,3.37,3.34,2.41,3.26,3.23
2025-05-20,24-25,Man City,Bournemouth,3,1,H,1.57,4.52,5.6,1.34,5.8,8.9
2025-05-25,24-25,Bournemouth,Leicester,2,0,H,1.34,5.82,8.37,1.34,5.67,9.01
2025-05-25,24-25,Fulham,Man City,0,2,A,5.54,4.19,1.62,6.32,4.57,1.52
2025-05-25,24-25,Ipswich,West Ham,1,3,A,3.02,3.9,2.24,3.28,3.63,2.23
2025-05-25,24-25,Liverpool,Crystal Palace,1,1,D,1.42,5.68,6.36,1.38,6.04,7.14
2025-05-25,24-25,Man United,Aston Villa,2,0,H,4.4,4.26,1.74,4.82,4.37,1.68
2025-05-25,24-25,Newcastle,Everton,0,1,A,1.33,5.85,8.55,1.28,6.19,10.36
2025-05-25,24-25,Nott'm Forest,Chelsea,0,1,A,3.15,3.76,2.22,3.5,3.87,2.07
2025-05-25,24-25,Southampton,Arsenal,1,2,A,9.46,5.85,1.3,11.73,6.54,1.25
2025-05-25,24-25,Tottenham,Brighton,1,4,A,4.33,4.52,1.71,3.83,4.06,1.92
2025-05-25,24-25,Wolves,Brentford,1,1,D,2.74,3.83,2.45,3.0,3.82,2.31
2025-08-15,25-26,Liverpool,Bournemouth,4,2,H,1.28,6.56,9.07,1.29,6.55,9.75
2025-08-16,25-26,Aston Villa,Newcastle,0,0,D,2.24,3.72,3.13,2.32,3.63,3.07
2025-08-16,25-26,Brighton,Fulham,1,1,D,1.94,3.73,3.98,1.92,3.66,4.27
2025-08-16,25-26,Sunderland,West Ham,3,0,H,3.27,3.43,2.29,3.55,3.24,2.29
2025-08-16,25-26,Tottenham,Burnley,3,0,H,1.4,4.71,8.79,1.56,4.2,6.7
2025-08-16,25-26,Wolves,Man City,0,4,A,6.72,4.92,1.46,6.22,4.7,1.52
2025-08-17,25-26,Chelsea,Crystal Palace,0,0,D,1.66,4.12,5.25,1.75,4.1,4.67
2025-08-17,25-26,Nott'm Forest,Brentford,3,1,H,2.25,3.38,3.4,2.18,3.37,3.66
2025-08-17,25-26,Man United,Arsenal,0,1,A,3.74,3.72,2.01,3.84,3.71,2.0
2025-08-18,25-26,Leeds,Everton,1,0,H,2.37,3.52,3.06,2.36,3.3,3.32
2025-08-22,25-26,West Ham,Chelsea,1,5,A,4.94,3.95,1.74,5.17,4.14,1.68
2025-08-23,25-26,Man City,Tottenham,0,2,A,1.49,5.0,6.01,1.51,4.93,6.07
2025-08-23,25-26,Bournemouth,Wolves,1,0,H,1.79,3.98,4.4,1.81,3.88,4.59
2025-08-23,25-26,Brentford,Aston Villa,1,0,H,3.26,3.49,2.27,3.29,3.48,2.29
2025-08-23,25-26,Burnley,Sunderland,2,0,H,2.21,3.26,3.63,2.35,3.19,3.47
2025-08-23,25-26,Arsenal,Leeds,5,0,H,1.28,6.21,9.68,1.34,5.55,9.7
2025-08-24,25-26,Crystal Palace,Nott'm Forest,1,1,D,2.41,3.25,3.22,2.45,3.25,3.21
2025-08-24,25-26,Everton,Brighton,2,0,H,3.16,3.36,2.38,3.14,3.36,2.43
2025-08-24,25-26,Fulham,Man United,1,1,D,3.3,3.54,2.23,3.53,3.49,2.18
2025-08-25,25-26,Newcastle,Liverpool,2,3,A,3.29,3.92,2.11,2.97,3.74,2.36
2025-08-30,25-26,Chelsea,Fulham,2,0,H,1.57,4.37,5.75,1.67,3.97,5.49
2025-08-30,25-26,Man United,Burnley,3,2,H,1.36,5.39,8.45,1.4,5.11,7.98
2025-08-30,25-26,Sunderland,Brentford,2,1,H,3.03,3.24,2.53,3.08,3.29,2.5
2025-08-30,25-26,Tottenham,Bournemouth,0,1,A,1.76,4.14,4.39,1.97,3.71,3.97
2025-08-30,25-26,Wolves,Everton,2,3,A,2.74,3.23,2.79,3.21,3.2,2.48
2025-08-30,25-26,Leeds,Newcastle,0,0,D,3.47,3.54,2.16,3.16,3.55,2.33
2025-08-31,25-26,Brighton,Man City,2,1,H,3.92,3.89,1.91,3.77,3.79,2.0
2025-08-31,25-26,Nott'm Forest,West Ham,0,3,A,1.69,3.98,5.13,1.69,4.0,5.17
2025-08-31,25-26,Liverpool,Arsenal,1,0,H,2.27,3.47,3.28,2.4,3.53,3.05
2025-08-31,25-26,Aston Villa,Crystal Palace,0,3,A,1.9,3.69,4.21,2.03,3.51,3.98
2025-09-13,25-26,Arsenal,Nott'm Forest,3,0,H,1.38,5.25,8.14,1.38,5.12,8.32
2025-09-13,25-26,Bournemouth,Brighton,2,1,H,2.4,3.57,2.98,2.47,3.54,2.94
2025-09-13,25-26,Crystal Palace,Sunderland,0,0,D,1.69,3.77,5.51,1.69,3.69,5.82
2025-09-13,25-26,Everton,Aston Villa,0,0,D,2.46,3.41,3.01,2.7,3.26,2.86
2025-09-13,25-26,Fulham,Leeds,1,0,H,1.99,3.56,3.99,2.11,3.38,3.87
2025-09-13,25-26,Newcastle,Wolves,1,0,H,1.43,4.93,7.21,1.37,5.2,9.25
2025-09-13,25-26,West Ham,Tottenham,0,3,A,3.55,3.62,2.1,3.44,3.59,2.18
2025-09-13,25-26,Brentford,Chelsea,2,2,D,4.63,3.95,1.76,4.21,3.86,1.88
2025-09-14,25-26,Burnley,Liverpool,0,1,A,9.0,5.44,1.34,9.5,5.7,1.33
2025-09-14,25-26,Man City,Man United,3,0,H,1.8,4.0,4.33,1.77,4.05,4.53
2025-09-20,25-26,Liverpool,Everton,2,1,H,1.45,4.7,7.25,1.54,4.4,6.5
2025-09-20,25-26,Brighton,Tottenham,2,2,D,2.28,3.67,3.1,2.28,3.74,3.1
2025-09-20,25-26,Burnley,Nott'm Forest,1,1,D,3.43,3.47,2.2,3.46,3.37,2.26
2025-09-20,25-26,West Ham,Crystal Palace,1,2,A,3.09,3.39,2.41,3.26,3.4,2.34
2025-09-20,25-26,Wolves,Leeds,1,3,A,2.78,3.21,2.76,2.85,3.17,2.77
2025-09-20,25-26,Man United,Chelsea,2,1,H,2.71,3.74,2.52,2.71,3.69,2.58
2025-09-20,25-26,Fulham,Brentford,3,1,H,2.05,3.44,3.92,2.19,3.32,3.71
2025-09-21,25-26,Bournemouth,Newcastle,0,0,D,2.47,3.57,2.87,2.52,3.45,2.93
2025-09-21,25-26,Sunderland,Aston Villa,1,1,D,3.71,3.37,2.14,3.61,3.32,2.22
2025-09-21,25-26,Arsenal,Man City,1,1,D,1.92,3.8,3.99,2.05,3.65,3.76
2025-09-27,25-26,Brentford,Man United,3,1,H,3.47,3.79,2.07,3.39,3.82,2.12
2025-09-27,25-26,Chelsea,Brighton,1,3,A,1.9,3.86,3.98,1.91,3.91,4.0
2025-09-27,25-26,Crystal Palace,Liverpool,2,1,H,3.93,3.73,1.95,4.3,3.71,1.89
2025-09-27,25-26,Leeds,Bournemouth,2,2,D,2.99,3.32,2.51,3.01,3.37,2.5
2025-09-27,25-26,Man City,Burnley,5,1,H,1.17,8.36,14.45,1.2,7.49,14.84
2025-09-27,25-26,Nott'm Forest,Sunderland,0,1,A,1.78,3.82,4.76,1.78,3.82,4.79
2025-09-27,25-26,Tottenham,Wolves,1,1,D,1.49,4.96,6.08,1.58,4.37,5.76
2025-09-28,25-26,Aston Villa,Fulham,3,1,H,2.3,3.15,3.55,2.38,3.25,3.34
2025-09-28,25-26,Newcastle,Arsenal,1,2,A,3.64,3.4,2.15,3.78,3.36,2.14
2025-09-29,25-26,Everton,West Ham,1,1,D,1.74,3.88,4.9,1.68,3.9,5.46
2025-10-03,25-26,Bournemouth,Fulham,3,1,H,1.99,3.6,3.93,2.02,3.55,3.98
2025-10-04,25-26,Leeds,Tottenham,1,2,A,2.78,3.56,2.55,2.77,3.45,2.65
2025-10-04,25-26,Arsenal,West Ham,2,0,H,1.21,6.93,13.68,1.22,6.82,14.76
2025-10-04,25-26,Man United,Sunderland,2,0,H,1.51,4.7,6.18,1.57,4.41,5.78
2025-10-04,25-26,Chelsea,Liverpool,2,1,H,2.92,3.89,2.3,2.9,3.85,2.36
2025-10-05,25-26,Aston Villa,Burnley,2,1,H,1.6,3.99,6.21,1.65,3.91,5.77
2025-10-05,25-26,Everton,Crystal Palace,2,1,H,2.59,3.26,2.95,2.61,3.23,2.99
2025-10-05,25-26,Newcastle,Nott'm Forest,2,0,H,1.63,4.3,5.27,1.57,4.39,5.91
2025-10-05,25-26,Wolves,Brighton,1,1,D,3.82,3.68,1.99,3.82,3.68,2.02
2025-10-05,25-26,Brentford,Man City,0,1,A,4.87,4.5,1.64,5.04,4.39,1.65
2025-10-18,25-26,Nott'm Forest,Chelsea,0,3,A,3.77,3.88,1.95,3.24,3.5,2.31
2025-10-18,25-26,Brighton,Newcastle,2,1,H,2.71,3.52,2.64,2.87,3.5,2.54
2025-10-18,25-26,Burnley,Leeds,2,0,H,3.43,3.29,2.28,3.57,3.23,2.28
2025-10-18,25-26,Crystal Palace,Bournemouth,3,3,D,2.23,3.4,3.43,2.24,3.41,3.47
2025-10-18,25-26,Man City,Everton,2,0,H,1.39,5.29,7.71,1.44,4.55,8.31
2025-10-18,25-26,Sunderland,Wolves,2,0,H,2.5,3.07,3.25,2.65,3.03,3.12
2025-10-18,25-26,Fulham,Arsenal,0,1,A,5.98,4.46,1.55,7.25,4.15,1.54
2025-10-19,25-26,Tottenham,Aston Villa,1,2,A,2.07,3.77,3.5,2.32,3.44,3.27
2025-10-19,25-26,Liverpool,Man United,1,2,A,1.63,4.27,5.32,1.63,4.46,5.12
2025-10-20,25-26,West Ham,Brentford,0,2,A,2.54,3.43,2.87,2.63,3.31,2.9
2025-10-24,25-26,Leeds,West Ham,2,1,H,1.82,3.72,4.72,1.81,3.71,4.79
2025-10-25,25-26,Chelsea,Sunderland,1,2,A,1.38,5.22,8.0,1.45,4.7,7.85
2025-10-25,25-26,Newcastle,Fulham,2,1,H,1.65,3.97,5.59,1.61,4.15,6.0
2025-10-25,25-26,Man United,Brighton,4,2,H,2.0,3.92,3.57,2.03,3.9,3.57
2025-10-25,25-26,Brentford,Liverpool,3,2,H,4.25,4.18,1.78,4.27,3.93,1.85
2025-10-26,25-26,Arsenal,Crystal Palace,1,0,H,1.44,4.71,7.49,1.39,5.0,9.0
2025-10-26,25-26,Aston Villa,Man City,1,0,H,4.24,4.06,1.81,4.27,3.77,1.88
2025-10-26,25-26,Bournemouth,Nott'm Forest,2,0,H,1.79,3.96,4.48,2.02,3.54,3.98
2025-10-26,25-26,Wolves,Burnley,2,3,A,2.0,3.39,4.18,1.93,3.41,4.55
2025-10-26,25-26,Everton,Tottenham,0,3,A,2.42,3.33,3.13,2.28,3.39,3.4
2025-11-01,25-26,Brighton,Leeds,3,0,H,1.89,3.77,4.15,2.03,3.6,3.86
2025-11-01,25-26,Burnley,Arsenal,0,2,A,9.99,6.26,1.28,12.24,6.08,1.27
2025-11-01,25-26,Crystal Palace,Brentford,2,0,H,1.94,3.68,4.01,2.07,3.53,3.81
2025-11-01,25-26,Fulham,Wolves,3,0,H,1.88,3.54,4.56,1.79,3.73,4.92
2025-11-01,25-26,Nott'm Forest,Man United,2,2,D,3.43,3.87,2.06,3.48,3.77,2.1
2025-11-01,25-26,Tottenham,Chelsea,0,1,A,2.73,3.63,2.56,2.83,3.51,2.57
2025-11-01,25-26,Liverpool,Aston Villa,2,0,H,1.66,4.21,5.07,1.68,4.34,4.92
2025-11-02,25-26,West Ham,Newcastle,3,1,H,5.07,4.45,1.63,5.17,4.22,1.66
2025-11-02,25-26,Man City,Bournemouth,3,1,H,1.51,4.75,6.02,1.43,5.35,6.8
2025-11-03,25-26,Sunderland,Everton,1,1,D,2.82,3.18,2.75,3.32,3.2,2.42
2025-11-08,25-26,Tottenham,Man United,2,2,D,2.72,3.59,2.58,3.01,3.59,2.43
2025-11-08,25-26,Everton,Fulham,2,0,H,2.26,3.35,3.41,2.38,3.24,3.35
2025-11-08,25-26,West Ham,Burnley,3,2,H,1.95,3.58,4.12,1.88,3.66,4.44
2025-11-08,25-26,Sunderland,Arsenal,2,2,D,7.56,5.01,1.41,8.0,4.5,1.47
2025-11-08,25-26,Chelsea,Wolves,3,0,H,1.37,5.26,8.42,1.36,5.4,9.2
2025-11-09,25-26,Aston Villa,Bournemouth,4,0,H,2.25,3.49,3.29,2.37,3.4,3.2
2025-11-09,25-26,Brentford,Newcastle,3,1,H,2.97,3.39,2.5,2.93,3.51,2.49
2025-11-09,25-26,Crystal Palace,Brighton,0,0,D,2.3,3.62,3.1,2.43,3.45,3.07
2025-11-09,25-26,Nott'm Forest,Leeds,3,1,H,2.29,3.45,3.27,2.23,3.3,3.62
2025-11-09,25-26,Man City,Liverpool,3,0,H,1.88,4.08,3.85,1.94,4.0,3.86
2025-11-22,25-26,Burnley,Chelsea,0,2,A,6.45,4.73,1.49,5.8,4.25,1.61
2025-11-22,25-26,Bournemouth,West Ham,2,2,D,1.65,4.16,5.26,1.68,4.09,5.12
2025-11-22,25-26,Brighton,Brentford,2,1,H,1.96,3.6,4.05,2.17,3.47,3.59
2025-11-22,25-26,Fulham,Sunderland,1,0,H,2.12,3.24,3.95,2.07,3.38,4.0
2025-11-22,25-26,Liverpool,Nott'm Forest,0,3,A,1.45,4.9,6.9,1.47,4.69,6.97
2025-11-22,25-26,Wolves,Crystal Palace,0,2,A,3.92,3.62,1.99,4.53,3.8,1.82
2025-11-22,25-26,Newcastle,Man City,2,1,H,3.69,3.8,2.0,4.06,3.85,1.93
2025-11-23,25-26,Leeds,Aston Villa,1,2,A,3.05,3.27,2.51,3.3,3.46,2.29
2025-11-23,25-26,Arsenal,Tottenham,4,1,H,1.43,4.75,7.88,1.47,4.47,7.69
2025-11-24,25-26,Man United,Everton,0,1,A,1.8,3.76,4.68,1.9,3.87,4.08
2025-11-29,25-26,Brentford,Burnley,3,1,H,1.47,4.72,6.95,1.5,4.55,7.05
2025-11-29,25-26,Man City,Leeds,3,2,H,1.25,6.77,10.58,1.22,7.5,13.5
2025-11-29,25-26,Sunderland,Bournemouth,3,2,H,3.14,3.4,2.38,3.29,3.43,2.31
2025-11-29,25-26,Everton,Newcastle,1,4,A,2.79,3.38,2.64,2.75,3.36,2.73
2025-11-29,25-26,Tottenham,Fulham,1,2,A,2.3,3.31,3.38,2.4,3.44,3.12
2025-11-30,25-26,Crystal Palace,Man United,1,2,A,2.29,3.62,3.11,2.1,3.75,3.56
2025-11-30,25-26,Aston Villa,Wolves,1,0,H,1.48,4.76,6.56,1.47,4.65,7.25
2025-11-30,25-26,Nott'm Forest,Brighton,0,2,A,2.81,3.46,2.58,2.95,3.35,2.57
2025-11-30,25-26,West Ham,Liverpool,0,2,A,4.45,4.22,1.74,5.15,4.75,1.6
2025-11-30,25-26,Chelsea,Arsenal,1,1,D,3.47,3.33,2.25,3.19,3.17,2.51
2025-12-02,25-26,Bournemouth,Everton,0,1,A,2.28,3.36,3.43,2.23,3.5,3.41
2025-12-02,25-26,Fulham,Man City,4,5,A,4.73,4.13,1.72,5.3,4.12,1.66
2025-12-02,25-26,Newcastle,Tottenham,2,2,D,1.85,3.87,4.29,1.85,3.89,4.3
2025-12-03,25-26,Arsenal,Brentford,2,0,H,1.35,5.41,8.75,1.44,4.65,8.07
2025-12-03,25-26,Brighton,Aston Villa,3,4,A,2.18,3.58,3.37,2.31,3.45,3.27
2025-12-03,25-26,Burnley,Crystal Palace,0,1,A,4.64,3.81,1.79,5.05,3.77,1.76
2025-12-03,25-26,Wolves,Nott'm Forest,0,1,A,3.27,3.37,2.32,3.17,3.32,2.44
2025-12-03,25-26,Leeds,Chelsea,3,1,H,4.27,4.05,1.8,4.11,3.53,1.99
2025-12-03,25-26,Liverpool,Sunderland,1,1,D,1.37,5.44,8.12,1.36,5.47,8.52
2025-12-04,25-26,Man United,West Ham,1,1,D,1.47,4.9,6.52,1.39,5.2,8.25
2025-12-06,25-26,Aston Villa,Arsenal,2,1,H,4.32,3.53,1.92,4.5,3.54,1.93
2025-12-06,25-26,Bournemouth,Chelsea,0,0,D,3.15,3.83,2.2,3.38,3.85,2.12
2025-12-06,25-26,Everton,Nott'm Forest,3,0,H,2.23,3.24,3.63,2.12,3.37,3.84
2025-12-06,25-26,Man City,Sunderland,3,0,H,1.24,6.68,11.08,1.27,6.45,11.0
2025-12-06,25-26,Newcastle,Burnley,2,1,H,1.27,6.25,10.24,1.33,5.75,9.25
2025-12-06,25-26,Tottenham,Brentford,2,0,H,2.39,3.42,3.09,2.49,3.43,3.0
2025-12-06,25-26,Leeds,Liverpool,3,3,D,3.96,3.85,1.91,4.58,4.07,1.76
2025-12-07,25-26,Brighton,West Ham,1,1,D,1.56,4.52,5.73,1.63,4.35,5.35
2025-12-07,25-26,Fulham,Crystal Palace,1,2,A,2.59,3.35,2.87,2.53,3.4,2.96
2025-12-08,25-26,Wolves,Man United,1,4,A,4.19,4.01,1.83,5.35,4.2,1.65
2025-12-13,25-26,Chelsea,Everton,2,0,H,1.67,4.04,5.3,1.75,3.91,4.86
2025-12-13,25-26,Liverpool,Brighton,2,0,H,1.69,4.32,4.68,1.8,4.1,4.28
2025-12-13,25-26,Burnley,Fulham,2,3,A,3.98,3.59,1.98,4.06,3.51,2.01
2025-12-13,25-26,Arsenal,Wolves,2,1,H,1.14,8.77,21.15,1.13,9.55,27.0
2025-12-14,25-26,Crystal Palace,Man City,0,3,A,4.05,3.99,1.86,4.23,3.82,1.9
2025-12-14,25-26,Nott'm Forest,Tottenham,3,0,H,2.6,3.4,2.82,2.75,3.35,2.74
2025-12-14,25-26,Sunderland,Newcastle,1,0,H,3.43,3.33,2.26,3.61,3.43,2.18
2025-12-14,25-26,West Ham,Aston Villa,2,3,A,3.76,3.57,2.05,3.35,3.57,2.23
2025-12-14,25-26,Brentford,Leeds,1,1,D,1.97,3.69,3.89,2.23,3.33,3.59
2025-12-15,25-26,Man United,Bournemouth,4,4,D,1.84,4.21,3.93,1.81,4.15,4.2
2025-12-20,25-26,Newcastle,Chelsea,2,2,D,2.87,3.41,2.55,2.87,3.55,2.52
2025-12-20,25-26,Bournemouth,Burnley,1,1,D,1.48,4.65,6.73,1.48,4.8,6.95
2025-12-20,25-26,Brighton,Sunderland,0,0,D,1.63,4.15,5.5,1.88,3.63,4.64
2025-12-20,25-26,Man City,West Ham,3,0,H,1.2,7.87,12.43,1.19,8.25,14.0
2025-12-20,25-26,Wolves,Brentford,0,2,A,3.66,3.56,2.08,3.47,3.48,2.21
2025-12-20,25-26,Tottenham,Liverpool,1,2,A,3.42,3.8,2.09,3.71,3.68,2.05
2025-12-20,25-26,Everton,Arsenal,0,1,A,6.18,4.09,1.58,6.65,4.2,1.56
2025-12-20,25-26,Leeds,Crystal Palace,4,1,H,2.66,3.32,2.81,2.93,3.11,2.74
2025-12-21,25-26,Aston Villa,Man United,2,1,H,2.08,3.73,3.49,2.04,3.75,3.76
2025-12-22,25-26,Fulham,Nott'm Forest,1,0,H,2.51,3.29,3.01,2.66,3.35,2.83
2025-12-26,25-26,Man United,Newcastle,1,0,H,2.57,3.71,2.67,2.49,3.77,2.71
2025-12-27,25-26,Nott'm Forest,Man City,1,2,A,5.26,4.53,1.6,5.55,4.15,1.64
2025-12-27,25-26,Arsenal,Brighton,2,1,H,1.39,5.09,8.08,1.33,5.65,9.7
2025-12-27,25-26,Brentford,Bournemouth,4,1,H,2.31,3.67,3.05,2.32,3.59,3.15
2025-12-27,25-26,Burnley,Everton,0,0,D,4.12,3.35,2.03,3.74,3.25,2.21
2025-12-27,25-26,Liverpool,Wolves,2,1,H,1.23,7.02,11.7,1.25,6.61,11.61
2025-12-27,25-26,West Ham,Fulham,0,1,A,2.69,3.49,2.67,3.06,3.38,2.47
2025-12-27,25-26,Chelsea,Aston Villa,1,2,A,1.85,3.95,4.1,1.79,4.14,4.31
2025-12-28,25-26,Sunderland,Leeds,1,1,D,2.63,3.31,2.86,3.01,3.15,2.65
2025-12-28,25-26,Crystal Palace,Tottenham,0,1,A,2.29,3.34,3.36,2.29,3.45,3.33
2025-12-30,25-26,Burnley,Newcastle,1,3,A,5.67,4.28,1.61,6.0,4.4,1.57
2025-12-30,25-26,Chelsea,Bournemouth,2,2,D,1.53,4.74,5.95,1.59,4.5,5.6
2025-12-30,25-26,Nott'm Forest,Everton,0,2,A,2.13,3.31,3.88,1.92,3.49,4.54
2025-12-30,25-26,West Ham,Brighton,2,2,D,3.6,3.82,2.05,3.53,3.65,2.12
2025-12-30,25-26,Arsenal,Aston Villa,4,1,H,1.43,4.97,7.51,1.37,5.5,8.25
2025-12-30,25-26,Man United,Wolves,1,1,D,1.37,5.38,8.33,1.38,5.4,8.25
2026-01-01,25-26,Crystal Palace,Fulham,1,1,D,2.2,3.34,3.59,2.29,3.31,3.47
2026-01-01,25-26,Liverpool,Leeds,0,0,D,1.55,4.45,5.94,1.48,4.65,7.25
2026-01-01,25-26,Brentford,Tottenham,0,0,D,2.18,3.49,3.48,2.52,3.45,2.94
2026-01-01,25-26,Sunderland,Man City,0,0,D,7.71,5.15,1.4,7.75,4.9,1.44
2026-01-03,25-26,Aston Villa,Nott'm Forest,3,1,H,1.76,3.86,4.83,1.96,3.49,4.29
2026-01-03,25-26,Brighton,Burnley,2,0,H,1.5,4.54,6.59,1.47,4.6,7.55
2026-01-03,25-26,Wolves,West Ham,3,0,H,2.53,3.44,2.88,2.73,3.4,2.72
2026-01-03,25-26,Bournemouth,Arsenal,2,3,A,6.16,5.04,1.48,6.3,4.55,1.53
2026-01-04,25-26,Leeds,Man United,1,1,D,2.71,3.57,2.61,2.77,3.4,2.68
2026-01-04,25-26,Everton,Brentford,2,4,A,2.45,3.16,3.24,2.53,3.24,3.09
2026-01-04,25-26,Newcastle,Crystal Palace,2,0,H,1.71,4.04,4.86,1.69,4.0,5.19
2026-01-04,25-26,Tottenham,Sunderland,1,1,D,1.83,3.85,4.39,2.01,3.46,4.22
2026-01-04,25-26,Fulham,Liverpool,2,2,D,3.75,3.84,1.97,4.39,3.67,1.91
2026-01-04,25-26,Man City,Chelsea,1,1,D,1.65,4.66,4.64,1.48,5.05,6.35
2026-01-06,25-26,West Ham,Nott'm Forest,1,2,A,3.29,3.37,2.34,3.05,3.5,2.41
2026-01-07,25-26,Bournemouth,Tottenham,3,2,H,2.14,3.72,3.36,2.25,3.64,3.23
2026-01-07,25-26,Brentford,Sunderland,3,0,H,1.85,3.63,4.56,2.08,3.17,4.3
2026-01-07,25-26,Crystal Palace,Aston Villa,0,0,D,3.14,3.4,2.38,3.08,3.4,2.45
2026-01-07,25-26,Everton,Wolves,1,1,D,1.79,3.57,5.06,1.89,3.52,4.6
2026-01-07,25-26,Fulham,Chelsea,2,1,H,3.45,3.76,2.09,3.7,3.58,2.09
2026-01-07,25-26,Man City,Brighton,1,1,D,1.4,5.43,7.17,1.53,4.63,6.1
2026-01-07,25-26,Burnley,Man United,2,2,D,4.92,4.15,1.69,4.98,3.87,1.74
2026-01-07,25-26,Newcastle,Leeds,4,3,H,1.7,3.89,5.19,1.65,4.04,5.57
2026-01-08,25-26,Arsenal,Liverpool,0,0,D,1.6,4.35,5.49,1.59,4.4,5.75
2026-01-17,25-26,Man United,Man City,2,0,H,,,,,,
2026-01-17,25-26,Chelsea,Brentford,2,0,H,,,,,,
2026-01-17,25-26,Leeds,Fulham,1,0,H,,,,,,
2026-01-17,25-26,Liverpool,Burnley,1,1,D,,,,,,
2026-01-17,25-26,Sunderland,Crystal Palace,2,1,H,,,,,,
2026-01-17,25-26,Tottenham,West Ham,1,2,A,,,,,,
2026-01-17,25-26,Nott'm Forest,Arsenal,0,0,D,,,,,,
2026-01-18,25-26,Wolves,Newcastle,0,0,D,,,,,,
2026-01-18,25-26,Aston Villa,Everton,0,1,A,,,,,,
2026-01-19,25-26,Brighton,Bournemouth,1,1,D,,,,,,
2026-01-24,25-26,West Ham,Sunderland,3,1,H,,,,,,
2026-01-24,25-26,Burnley,Tottenham,2,2,D,,,,,,
2026-01-24,25-26,Fulham,Brighton,2,1,H,,,,,,
2026-01-24,25-26,Man City,Wolves,2,0,H,,,,,,
2026-01-24,25-26,Bournemouth,Liverpool,3,2,H,,,,,,
2026-01-25,25-26,Brentford,Nott'm Forest,0,2,A,,,,,,
2026-01-25,25-26,Crystal Palace,Chelsea,1,3,A,,,,,,
2026-01-25,25-26,Newcastle,Aston Villa,0,2,A,,,,,,
2026-01-25,25-26,Arsenal,Man United,2,3,A,,,,,,
2026-01-26,25-26,Everton,Leeds,1,1,D,,,,,,
2026-01-31,25-26,Brighton,Everton,1,1,D,,,,,,
2026-01-31,25-26,Leeds,Arsenal,0,4,A,,,,,,
2026-01-31,25-26,Wolves,Bournemouth,0,2,A,,,,,,
2026-01-31,25-26,Chelsea,West Ham,3,2,H,,,,,,
2026-01-31,25-26,Liverpool,Newcastle,4,1,H,,,,,,
2026-02-01,25-26,Aston Villa,Brentford,0,1,A,,,,,,
2026-02-01,25-26,Man United,Fulham,3,2,H,,,,,,
2026-02-01,25-26,Nott'm Forest,Crystal Palace,1,1,D,,,,,,
2026-02-01,25-26,Tottenham,Man City,2,2,D,,,,,,
2026-02-02,25-26,Sunderland,Burnley,3,0,H,,,,,,
2026-02-06,25-26,Leeds,Nott'm Forest,3,1,H,,,,,,
2026-02-07,25-26,Man United,Tottenham,2,0,H,,,,,,
2026-02-07,25-26,Arsenal,Sunderland,3,0,H,,,,,,
2026-02-07,25-26,Bournemouth,Aston Villa,1,1,D,,,,,,
2026-02-07,25-26,Burnley,West Ham,0,2,A,,,,,,
2026-02-07,25-26,Fulham,Everton,1,2,A,,,,,,
2026-02-07,25-26,Wolves,Chelsea,1,3,A,,,,,,
2026-02-07,25-26,Newcastle,Brentford,2,3,A,,,,,,
2026-02-08,25-26,Brighton,Crystal Palace,0,1,A,,,,,,
2026-02-08,25-26,Liverpool,Man City,1,2,A,,,,,,
2026-02-10,25-26,Chelsea,Leeds,2,2,D,,,,,,
2026-02-10,25-26,Everton,Bournemouth,1,2,A,,,,,,
2026-02-10,25-26,Tottenham,Newcastle,1,2,A,,,,,,
2026-02-10,25-26,West Ham,Man United,1,1,D,,,,,,
2026-02-11,25-26,Aston Villa,Brighton,1,0,H,,,,,,
2026-02-11,25-26,Crystal Palace,Burnley,2,3,A,,,,,,
2026-02-11,25-26,Man City,Fulham,3,0,H,,,,,,
2026-02-11,25-26,Nott'm Forest,Wolves,0,0,D,,,,,,
2026-02-11,25-26,Sunderland,Liverpool,0,1,A,,,,,,
2026-02-12,25-26,Brentford,Arsenal,1,1,D,,,,,,
2026-02-18,25-26,Wolves,Arsenal,2,2,D,,,,,,
2026-02-21,25-26,Aston Villa,Leeds,1,1,D,,,,,,
2026-02-21,25-26,Brentford,Brighton,0,2,A,,,,,,
2026-02-21,25-26,Chelsea,Burnley,1,1,D,,,,,,
2026-02-21,25-26,West Ham,Bournemouth,0,0,D,,,,,,
2026-02-21,25-26,Man City,Newcastle,2,1,H,,,,,,
2026-02-22,25-26,Crystal Palace,Wolves,1,0,H,,,,,,
2026-02-22,25-26,Nott'm Forest,Liverpool,0,1,A,,,,,,
2026-02-22,25-26,Sunderland,Fulham,1,3,A,,,,,,
2026-02-22,25-26,Tottenham,Arsenal,1,4,A,,,,,,
2026-02-23,25-26,Everton,Man United,0,1,A,,,,,,
2026-02-27,25-26,Wolves,Aston Villa,2,0,H,,,,,,
2026-02-28,25-26,Bournemouth,Sunderland,1,1,D,,,,,,
2026-02-28,25-26,Burnley,Brentford,3,4,A,,,,,,
2026-02-28,25-26,Liverpool,West Ham,5,2,H,,,,,,
2026-02-28,25-26,Newcastle,Everton,2,3,A,,,,,,
2026-02-28,25-26,Leeds,Man City,0,1,A,,,,,,
2026-03-01,25-26,Brighton,Nott'm Forest,2,1,H,,,,,,
2026-03-01,25-26,Fulham,Tottenham,2,1,H,,,,,,
2026-03-01,25-26,Man United,Crystal Palace,2,1,H,,,,,,
2026-03-01,25-26,Arsenal,Chelsea,2,1,H,,,,,,
2026-03-03,25-26,Bournemouth,Brentford,0,0,D,,,,,,
2026-03-03,25-26,Everton,Burnley,2,0,H,,,,,,
2026-03-03,25-26,Leeds,Sunderland,0,1,A,,,,,,
2026-03-03,25-26,Wolves,Liverpool,2,1,H,,,,,,
2026-03-04,25-26,Aston Villa,Chelsea,1,4,A,,,,,,
2026-03-04,25-26,Brighton,Arsenal,0,1,A,,,,,,
2026-03-04,25-26,Fulham,West Ham,0,1,A,,,,,,
2026-03-04,25-26,Man City,Nott'm Forest,2,2,D,,,,,,
2026-03-04,25-26,Newcastle,Man United,2,1,H,,,,,,
2026-03-05,25-26,Tottenham,Crystal Palace,1,3,A,,,,,,
2026-03-14,25-26,Burnley,Bournemouth,0,0,D,,,,,,
2026-03-14,25-26,Sunderland,Brighton,0,1,A,,,,,,
2026-03-14,25-26,Arsenal,Everton,2,0,H,,,,,,
2026-03-14,25-26,Chelsea,Newcastle,0,1,A,,,,,,
2026-03-14,25-26,West Ham,Man City,1,1,D,,,,,,
2026-03-15,25-26,Crystal Palace,Leeds,0,0,D,,,,,,
2026-03-15,25-26,Man United,Aston Villa,3,1,H,,,,,,
2026-03-15,25-26,Nott'm Forest,Fulham,0,0,D,,,,,,
2026-03-15,25-26,Liverpool,Tottenham,1,1,D,,,,,,
2026-03-16,25-26,Brentford,Wolves,2,2,D,,,,,,
2026-03-20,25-26,Bournemouth,Man United,2,2,D,,,,,,
2026-03-21,25-26,Brighton,Liverpool,2,1,H,,,,,,
2026-03-21,25-26,Fulham,Burnley,3,1,H,,,,,,
2026-03-21,25-26,Everton,Chelsea,3,0,H,,,,,,
2026-03-21,25-26,Leeds,Brentford,0,0,D,,,,,,
2026-03-22,25-26,Newcastle,Sunderland,1,2,A,,,,,,
2026-03-22,25-26,Aston Villa,West Ham,2,0,H,,,,,,
2026-03-22,25-26,Tottenham,Nott'm Forest,0,3,A,,,,,,
2026-04-10,25-26,West Ham,Wolves,4,0,H,,,,,,
2026-04-11,25-26,Arsenal,Bournemouth,1,2,A,,,,,,
2026-04-11,25-26,Brentford,Everton,2,2,D,,,,,,
2026-04-11,25-26,Burnley,Brighton,0,2,A,,,,,,
2026-04-11,25-26,Liverpool,Fulham,2,0,H,,,,,,
2026-04-12,25-26,Crystal Palace,Newcastle,2,1,H,,,,,,
2026-04-12,25-26,Nott'm Forest,Aston Villa,1,1,D,,,,,,
2026-04-12,25-26,Sunderland,Tottenham,1,0,H,,,,,,
2026-04-12,25-26,Chelsea,Man City,0,3,A,,,,,,
2026-04-13,25-26,Man United,Leeds,1,2,A,,,,,,
2026-04-18,25-26,Brentford,Fulham,0,0,D,,,,,,
2026-04-18,25-26,Leeds,Wolves,3,0,H,,,,,,
2026-04-18,25-26,Newcastle,Bournemouth,1,2,A,,,,,,
2026-04-18,25-26,Tottenham,Brighton,2,2,D,,,,,,
2026-04-18,25-26,Chelsea,Man United,0,1,A,,,,,,
2026-04-19,25-26,Aston Villa,Sunderland,4,3,H,,,,,,
2026-04-19,25-26,Everton,Liverpool,1,2,A,,,,,,
2026-04-19,25-26,Nott'm Forest,Burnley,4,1,H,,,,,,
2026-04-19,25-26,Man City,Arsenal,2,1,H,,,,,,
2026-04-20,25-26,Crystal Palace,West Ham,0,0,D,,,,,,
2026-04-21,25-26,Brighton,Chelsea,3,0,H,,,,,,
2026-04-22,25-26,Bournemouth,Leeds,2,2,D,,,,,,
2026-04-22,25-26,Burnley,Man City,0,1,A,,,,,,
2026-04-24,25-26,Sunderland,Nott'm Forest,0,5,A,,,,,,
2026-04-25,25-26,Fulham,Aston Villa,1,0,H,,,,,,
2026-04-25,25-26,Liverpool,Crystal Palace,3,1,H,,,,,,
2026-04-25,25-26,West Ham,Everton,2,1,H,,,,,,
2026-04-25,25-26,Wolves,Tottenham,0,1,A,,,,,,
2026-04-25,25-26,Arsenal,Newcastle,1,0,H,,,,,,
2026-04-27,25-26,Man United,Brentford,2,1,H,,,,,,
2026-05-01,25-26,Leeds,Burnley,3,1,H,,,,,,
2026-05-02,25-26,Brentford,West Ham,3,0,H,,,,,,
2026-05-02,25-26,Newcastle,Brighton,3,1,H,,,,,,
2026-05-02,25-26,Wolves,Sunderland,1,1,D,,,,,,
2026-05-02,25-26,Arsenal,Fulham,3,0,H,,,,,,
2026-05-03,25-26,Bournemouth,Crystal Palace,3,0,H,,,,,,
2026-05-03,25-26,Man United,Liverpool,3,2,H,,,,,,
2026-05-03,25-26,Aston Villa,Tottenham,1,2,A,,,,,,
2026-05-04,25-26,Chelsea,Nott'm Forest,1,3,A,,,,,,
2026-05-04,25-26,Everton,Man City,3,3,D,,,,,,
2026-05-09,25-26,Liverpool,Chelsea,1,1,D,,,,,,
2026-05-09,25-26,Brighton,Wolves,3,0,H,,,,,,
2026-05-09,25-26,Fulham,Bournemouth,0,1,A,,,,,,
2026-05-09,25-26,Sunderland,Man United,0,0,D,,,,,,
2026-05-09,25-26,Man City,Brentford,3,0,H,,,,,,
2026-05-10,25-26,Burnley,Aston Villa,2,2,D,,,,,,
2026-05-10,25-26,Crystal Palace,Everton,2,2,D,,,,,,
2026-05-10,25-26,Nott'm Forest,Newcastle,1,1,D,,,,,,
2026-05-10,25-26,West Ham,Arsenal,0,1,A,,,,,,
2026-05-11,25-26,Tottenham,Leeds,1,1,D,,,,,,
2026-05-13,25-26,Man City,Crystal Palace,3,0,H,,,,,,
2026-05-15,25-26,Aston Villa,Liverpool,4,2,H,,,,,,
2026-05-17,25-26,Man United,Nott'm Forest,3,2,H,,,,,,
2026-05-17,25-26,Brentford,Crystal Palace,2,2,D,,,,,,
2026-05-17,25-26,Everton,Sunderland,1,3,A,,,,,,
2026-05-17,25-26,Leeds,Brighton,1,0,H,,,,,,
2026-05-17,25-26,Wolves,Fulham,1,1,D,,,,,,
2026-05-17,25-26,Newcastle,West Ham,3,1,H,,,,,,
2026-05-18,25-26,Arsenal,Burnley,1,0,H,,,,,,
2026-05-19,25-26,Bournemouth,Man City,1,1,D,,,,,,
2026-05-19,25-26,Chelsea,Tottenham,2,1,H,,,,,,
2026-05-24,25-26,Brighton,Man United,0,3,A,,,,,,
2026-05-24,25-26,Burnley,Wolves,1,1,D,,,,,,
2026-05-24,25-26,Crystal Palace,Arsenal,1,2,A,,,,,,
2026-05-24,25-26,Fulham,Newcastle,2,0,H,,,,,,
2026-05-24,25-26,Liverpool,Brentford,1,1,D,,,,,,
2026-05-24,25-26,Man City,Aston Villa,1,2,A,,,,,,
2026-05-24,25-26,Nott'm Forest,Bournemouth,1,1,D,,,,,,
2026-05-24,25-26,Sunderland,Chelsea,2,1,H,,,,,,
2026-05-24,25-26,Tottenham,Everton,1,0,H,,,,,,
2026-05-24,25-26,West Ham,Leeds,3,0,H,,,,,,
